"Time","Video title","Video link","Post time","Total likes","Total comments","Total shares","Total views"
"September 28","Neighbours | අසල්වැසියෝ | அயலவர் #neighbor#kindness #food #love #fyp #foryou #foryoupage #fypage #trending #viral #foryoupageofficiall","https://www.tiktok.com/@kehelmalastudios/video/7632285912914808085","April 24","102027","1080","1071","1592137"
"September 28","Fridge | ෆ්‍රිජ් | பிரிட்ஜ் #sad #death #fight #sisters #fyp #explore #explorepage #kehelmala #creative #storytelling #viral","https://www.tiktok.com/@kehelmalastudios/video/7572496933982309650","November 14","79990","1024","9206","1333535"
"September 28","Blanket | බ්ලැන්කට් | ப்ளாங்கெட் #cycloneditwah #rebuildsrilanka #besafe #crisis #community #climatechange#fypシ゚ #explore #explorepage #kehelmala #creative #storytelling #viral","https://www.tiktok.com/@kehelmalastudios/video/7580338112694390036","December 5","29977","300","477","566608"
"September 28","Marble | කිරිගරුඬ | பளிங்குக்கல்  #saree #homerenovation #homedecor #interiordesign #film #shorts #fypシ゚ #explore #kehelmala #storytelling #viral","https://www.tiktok.com/@kehelmalastudios/video/7593328518579162384","January 9","26262","151","842","467748"
"September 28","Pani Walalu | පැණි වළලු  | தேன்குழல்  #fyp #foryou #foryoupage #fypage #trending #viral #foryoupageofficiall #avurudu #daughter #mom #mother #cooking #holiday #newyear","https://www.tiktok.com/@kehelmalastudios/video/7627100112392555793","April 10","28518","90","803","448473"
"September 28","Worsties | හතුරු-මිතුරැ | வில்லத்தனமான நட்பு  #fyp #foryou #foryoupage #fypage #trending #viral #foryoupageofficiall #bestie #friends #friendship #bff","https://www.tiktok.com/@kehelmalastudios/video/7624487707548372231","April 3","20374","40","457","388335"
"September 28","A Special Day | විශේෂ දවසක් | ஒரு சிறப்பு நாள்  #fyp #explore #shorts #family #marriage","https://www.tiktok.com/@kehelmalastudios/video/7562159712012094736","October 17","21748","152","601","348013"
"September 28","Approval | අනුමැතිය | ஒப்புதல் |  #fyp #foryou #foryoupage #fypage #trending #viral#foryoupageofficial | In partnership with World Bank Group and #ClearHerPath campaign.","https://www.tiktok.com/@kehelmalastudios/video/7613718421305429256","March 6","20282","211","910","332240"
"September 28","Back To Work | ආපහු වැඩට | வேலைக்குத் திரும்புதல் #fyp #fypage #trending #family  In partnership with the World Bank Sri Lanka and #ClearHerPath campaign.","https://www.tiktok.com/@kehelmalastudios/video/7634504655640251656","April 30","20091","192","898","308122"
"September 28","Siblings | සහෝදරත්වය | சகோதரர்கள்  #fypシ゚ #explore #shorts #siblings #brothersister","https://www.tiktok.com/@kehelmalastudios/video/7569977757468298512","November 7","17366","141","715","258736"
"September 28","Sneaking in | හොරෙන් | மறைந்து #fypシ゚ #explore #shorts #love #romance","https://www.tiktok.com/@kehelmalastudios/video/7559567221492682002","October 10","18830","361","2154","257937"
"September 28","Dodol | දොදොල් | தொதொல் #fyp #foryou #foryoupage #fypage #trending #viral #foryoupageofficiall #kehelmala #creative #storytelling #family#husbandwife #husband #wife #couple #marriage","https://www.tiktok.com/@kehelmalastudios/video/7642695918747274516","May 22","12899","194","1411","247107"
"September 28","The Interview | සම්මුඛ පරීක්ෂණය | வேலை நேர்காணல #fypシ゚ #explore #shorts #job #work #film @everystory.sl @wsn.sl","https://www.tiktok.com/@kehelmalastudios/video/7564763113380203784","October 24","11730","110","268","204601"
"September 28","කළගුණ | Gratitude #cat #catsoftiktok #man #humanity #gratitude #sad #heart #love #fyp #fy #foryou #Kehelmala #creative #storytelling #notAI #explore #viralvideo #viraltiktok #cute","https://www.tiktok.com/@kehelmalastudios/video/7460860901613227282","January 17","1552310","18069","241743","6663459"
"September 28","Christmas Kiribath | නත්තල් කිරිබත් | நத்தார் பால் சோறு #christmaseve #christmas2025 #mother #daughter #family #film #shorts #fypシ゚ #explore #kehelmala #storytelling #viral","https://www.tiktok.com/@kehelmalastudios/video/7587390716280671506","December 24","12832","92","279","186127"