"Post ID","Page ID","Page name",Title,Description,"Duration (sec)","Publish time","Caption type",Permalink,"Is crosspost","Is share","Post type",Languages,"Custom labels","Funded content status","Data comment",Date,Views,Reach,"Reactions, comments and shares",Reactions,Comments,Shares,"Seconds viewed","Average Seconds viewed","Total clicks","Other clicks","Link clicks","Qualified views","Approximate content monetisation earnings","Estimated earnings (USD)"
427083626940964,100089179911066,Kehelmala,"නයි මල්ල  Handbag Problems",,109,"05/11/2024 05:02",N/A,https://www.facebook.com/kehelmalastudios/videos/750860973908796/,0,0,Videos,,,,,Lifetime,,3829965,182104,180046,1158,900,243352396.315,41.559,343517,343509,8,2146368,166.08,
408138772168783,100089179911066,Kehelmala,"Happy New Year!","To everyone celebrating!",170,"04/13/2024 08:12",N/A,https://www.facebook.com/kehelmalastudios/videos/1435598624011079/,0,0,Videos,,,,,Lifetime,,317373,16679,16359,119,201,27241665.395,54.873,73670,73667,3,29,0.01,
674562245526433,100089179911066,Kehelmala,"අනේ ආච්චි! | Granny, No! #granny #grandma #happy #new #year #newyear #crazy #short #films #fyp #explore #explore #more #exploremore #explorepage #kehelmala #creative #storytelling #viral","අනේ ආච්චි! | Granny, No! #granny #grandma #happy #new #year #newyear #crazy #short #films #fyp #explore #explore #more #exploremore #explorepage #kehelmala #creative #storytelling #viral",194,"04/11/2025 07:39",N/A,https://www.facebook.com/kehelmalastudios/videos/9792773637446931/,0,0,Videos,,,,,Lifetime,1335521,946242,43296,39192,1866,2238,54980695.282,47.994,129866,129814,52,218672,30.98,0
668548882794436,100089179911066,Kehelmala,"බ්‍රෝ! | Bro! 

#gym #bro #move #far #sad #bromance #explore #explore #more #exploremore #fyp #Kehelmala #creative #storytelling #viral","බ්‍රෝ! | Bro! 

#gym #bro #move #far #sad #bromance #explore #explore #more #exploremore #fyp #Kehelmala #creative #storytelling #viral",129,"04/04/2025 06:14",N/A,https://www.facebook.com/kehelmalastudios/videos/678150361230803/,0,0,Videos,,,,,Lifetime,1422369,747210,31038,28862,1497,679,47055815.199,39.426,136648,136605,43,531999,55.64,0
662487993400525,100089179911066,Kehelmala,"Dress | ගවුම #dress #sisters #mom #grandma #daughter #boy #friend #love #celebration #festival #eid #explore #exploremore #explorepage #fyp #Kehelmala #creative #storytelling #viral","Dress | ගවුම #dress #sisters #mom #grandma #daughter #boy #friend #love #celebration #festival #eid #explore #exploremore #explorepage #fyp #Kehelmala #creative #storytelling #viral",120,"03/28/2025 06:00",N/A,https://www.facebook.com/kehelmalastudios/videos/1178492324072820/,1,0,Videos,,,,,Lifetime,3384118,1621755,68818,67034,859,925,117587366.074,42.517,188570,188533,37,1301419,123.66,0
656826253966699,100089179911066,Kehelmala,"මිස් | Miss  #students #teacher #oldschool #big #match #bigmatch #fever #crush #sweetmemories #sweetdreams #sad #love #TrueStory #explore #exploremore #explorepage #kehelmala #creative #storytelling #films #shorts #viralvideo","මිස් | Miss  #students #teacher #oldschool #big #match #bigmatch #fever #crush #sweetmemories #sweetdreams #sad #love #TrueStory #explore #exploremore #explorepage #kehelmala #creative #storytelling #films #shorts #viralvideo",129,"03/21/2025 06:36",N/A,https://www.facebook.com/kehelmalastudios/videos/1323011272311366/,0,0,Videos,,,,,Lifetime,625552,342421,17157,16066,606,485,21451967.267,42.004,45094,45083,11,281353,30.59,0
650941817888476,100089179911066,Kehelmala,"කලාවේදියා | The Artiste  #art #artist #what #is #beauty #philosophy #love #life #live #kehelmala #creative #storytelling #viral #viralvideochallenge #cinema #genius #short #film #shortfilm","කලාවේදියා | The Artiste  #art #artist #what #is #beauty #philosophy #love #life #live #kehelmala #creative #storytelling #viral #viralvideochallenge #cinema #genius #short #film #shortfilm",106,"03/14/2025 05:18",N/A,https://www.facebook.com/kehelmalastudios/videos/1336007271006219/,0,0,Videos,,,,,Lifetime,202517,151323,4998,4496,300,202,3831204.571,21.61,16355,16348,7,43505,3.8,
645219708460687,100089179911066,Kehelmala,"හපනා | Prodigy
#exam #first #genius #parenting #mom #dad #love #child #studies #study #hard #do #well #explore #explore #page #explorepage #exploremore #kehelmala #creative #storytelling #viralvideochallenge #send #help #sendhelp","හපනා | Prodigy
#exam #first #genius #parenting #mom #dad #love #child #studies #study #hard #do #well #explore #explore #page #explorepage #exploremore #kehelmala #creative #storytelling #viralvideochallenge #send #help #sendhelp",123,"03/07/2025 06:35",N/A,https://www.facebook.com/kehelmalastudios/videos/454265361102078/,0,0,Videos,,,,,Lifetime,1075909,538900,26714,24657,746,1311,33874910.182,39.071,141066,141031,35,330656,31.41,
639431612372830,100089179911066,Kehelmala,"වෙන්වීම | Separation
#father #daughter #mother #family #problem #child #sad #alone #help #explore #explorepage #ExploreMore #kehelmala #creative #storytelling #viralreels #short #films","වෙන්වීම | Separation
#father #daughter #mother #family #problem #child #sad #alone #help #explore #explorepage #ExploreMore #kehelmala #creative #storytelling #viralreels #short #films",316,"02/28/2025 04:01",N/A,https://www.facebook.com/kehelmalastudios/videos/887579970029013/,1,0,Videos,,,,,Lifetime,893255,554537,21048,20249,372,427,55376262.743,73.014,94727,94701,26,231642,38.18,
633764042939587,100089179911066,Kehelmala,"Behave! | හැදියන්!

#school #teacher #parenting #Principal #father #mother #son #crime #Help #cane #trauma #mentalhealthmatters #stop #violence #sad #hurt  #explore #explorepage #exploremore #Kehelmala #creative #storytelling #viral","Behave! | හැදියන්!

#school #teacher #parenting #Principal #father #mother #son #crime #Help #cane #trauma #mentalhealthmatters #stop #violence #sad #hurt  #explore #explorepage #exploremore #Kehelmala #creative #storytelling #viral",140,"02/21/2025 04:30",N/A,https://www.facebook.com/kehelmalastudios/videos/979841780335578/,1,0,Videos,,,,,Lifetime,699633,387610,19241,16433,882,1926,25495841.066,46.154,75950,75926,24,173275,16.94,
628056563510335,100089179911066,Kehelmala,"The Gaze | බලාපොරොත්තුව #love #romance #valentines #day #lovers #boyfriend #girlfriend #relationship #relationshipgoals #explore #exploremore #explorepage #kehelmala #creative #storytelling #viral #sad","The Gaze | බලාපොරොත්තුව #love #romance #valentines #day #lovers #boyfriend #girlfriend #relationship #relationshipgoals #explore #exploremore #explorepage #kehelmala #creative #storytelling #viral #sad",145,"02/14/2025 04:49",N/A,https://www.facebook.com/kehelmalastudios/videos/600421749466228/,0,0,Videos,,,,,Lifetime,180451,115957,5032,4711,163,158,5204384.061,35.737,13321,13320,1,32687,2.26,
622957510686907,100089179911066,Kehelmala,"The Miracle | හාස්කම  #thriller #fear #faith #miracle #Dangerous #scary #sad #explore #explorepage #care #love #sad #kehelmala #creative #storytelling #horror #films #cinematic","The Miracle | හාස්කම  #thriller #fear #faith #miracle #Dangerous #scary #sad #explore #explorepage #care #love #sad #kehelmala #creative #storytelling #horror #films #cinematic",157,"02/07/2025 05:05",N/A,https://www.facebook.com/kehelmalastudios/videos/850130173878278/,0,0,Videos,,,,,Lifetime,1928577,980273,53132,45307,2321,5504,82283306.827,52.248,185603,185547,56,486344,61.37,
617948534521138,100089179911066,Kehelmala,"දැලි | Coal  #school #events #teachers #mom #girls #beauty #standards #color #bar #IndependenceDay #explore #explorepage #kehelmala #creative #storytelling #viralreels #sad #true #story","දැලි | Coal  #school #events #teachers #mom #girls #beauty #standards #color #bar #IndependenceDay #explore #explorepage #kehelmala #creative #storytelling #viralreels #sad #true #story",110,"01/31/2025 04:52",N/A,https://www.facebook.com/kehelmalastudios/videos/588918267350967/,0,0,Videos,,,,,Lifetime,4342461,2111507,86199,80892,3054,2253,150369750.382,44.534,306493,306415,78,1086432,86.64,
612731858376139,100089179911066,Kehelmala,"යක්ඛ පුතුන් | Demonic  #hauntedhouse #home #ghost #lost #in #translation #explore #explorepage #for #you #foryou #kehelmala #creative #storytelling #viralreels #funny","යක්ඛ පුතුන් | Demonic  #hauntedhouse #home #ghost #lost #in #translation #explore #explorepage #for #you #foryou #kehelmala #creative #storytelling #viralreels #funny",107,"01/24/2025 04:37",N/A,https://www.facebook.com/kehelmalastudios/videos/1008751964409015/,0,0,Videos,,,,,Lifetime,210738,141046,5010,4742,157,111,5389097.823,30.535,13003,12999,4,28674,2.53,
607679952214663,100089179911066,Kehelmala,"කළගුණ | Gratitude 
#cat #cats #cute #sad #humanity #food #notai #animation #Heartwarming #love #explore #explorepage #exploremore #kehelmala #creative #storytelling #viralreelschallenge #viralchallenge","කළගුණ | Gratitude 
#cat #cats #cute #sad #humanity #food #notai #animation #Heartwarming #love #explore #explorepage #exploremore #kehelmala #creative #storytelling #viralreelschallenge #viralchallenge",102,"01/17/2025 04:27",N/A,https://www.facebook.com/kehelmalastudios/videos/587864914207715/,0,0,Videos,,,,,Lifetime,1234530,786958,83998,70968,3563,9467,20054689.054,18.292,65504,65475,29,203765,18.79,
602627549386570,100089179911066,Kehelmala,"බාලගිරිදෝෂය | Procrastinator  #new #year #newyear #new #me #newme #resolutions #gym #diet #fitness #health #motivation #explore #explorepage #kehelmala #creative #storytelling #viralvideo #lazy #people #problems","බාලගිරිදෝෂය | Procrastinator  #new #year #newyear #new #me #newme #resolutions #gym #diet #fitness #health #motivation #explore #explorepage #kehelmala #creative #storytelling #viralvideo #lazy #people #problems",78,"01/10/2025 05:04",N/A,https://www.facebook.com/kehelmalastudios/videos/1372477077349823/,0,0,Videos,,,,,Lifetime,183910,115986,5026,4584,132,310,4654411.207,32.194,9688,9684,4,21099,1.85,
597560439893281,100089179911066,Kehelmala,"සංවේගාත්මක | Sensational  #news #media #tv #sad #son #mom #mother #grief #story #report #explore #explorepage #Kehelmala #creative #storytelling #viralvideo #film #short","සංවේගාත්මක | Sensational  #news #media #tv #sad #son #mom #mother #grief #story #report #explore #explorepage #Kehelmala #creative #storytelling #viralvideo #film #short",134,"01/03/2025 04:47",N/A,https://www.facebook.com/kehelmalastudios/videos/2786233861583368/,0,0,Videos,,,,,Lifetime,779765,446113,15389,14329,415,645,27456542.05,43.786,78478,78436,42,177308,19.34,
590203620628963,100089179911066,Kehelmala,"නියම ගාන | Just Right
#Christmas #holiday #happy #grandma #grandson #mom #son #celebration #memories #explore #explore #page #explorepage #nostalgia #sweet #kehelmala #creative #storytelling #viralvideochallenge #friends","නියම ගාන | Just Right
#Christmas #holiday #happy #grandma #grandson #mom #son #celebration #memories #explore #explore #page #explorepage #nostalgia #sweet #kehelmala #creative #storytelling #viralvideochallenge #friends",157,"12/24/2024 05:02",N/A,https://www.facebook.com/kehelmalastudios/videos/1687440391802630/,0,0,Videos,,,,,Lifetime,1562251,763222,52859,50583,746,1530,71937270.412,53.186,114244,114201,43,478931,44.78,
586418564340802,100089179911066,Kehelmala,"Santa’s Gift | සීයාගේ තෑග්ග","සීයාගේ තෑග්ග | Santa’s Gift  #Christmas #santa #happyholidays #cute #kids #philosophy #life #sad #explorepage #explore #chocolate #clips #films #Kehelmala #creative #storytelling #viralvideoシfyp",113,"12/19/2024 05:05",N/A,https://www.facebook.com/kehelmalastudios/videos/688296453766143/,0,0,Videos,,,,,Lifetime,213415,147165,6511,5795,250,466,5741410.865,32.691,18635,18632,3,10,0,
582018548114137,100089179911066,Kehelmala,"සමුදීම | The Farewell
#office #love #romance #crush #crazy #boss #boyfriend #proposal #shorts #explore #explorepage #Kehelmala #creative #storytelling #funny #viral #films #clips","සමුදීම | The Farewell
#office #love #romance #crush #crazy #boss #boyfriend #proposal #shorts #explore #explorepage #Kehelmala #creative #storytelling #funny #viral #films #clips",150,"12/13/2024 05:00",N/A,https://www.facebook.com/kehelmalastudios/videos/2898819543615972/,1,0,Videos,,,,,Lifetime,2408505,1060034,54096,50240,2099,1757,95613231.186,49.541,211319,211238,81,735802,78.05,
577138748602117,100089179911066,Kehelmala,"කැළල | The Cover-up","කැළල | The Cover-up #sisterhood  #sisters   #husbandwife #GBV  #StopGBV  #fypシ゚  #foryoupage  #makeup  #srilanka  #kehelmala #creative  #storytelling  #viralreels  #shortsreels  #films  #family",120,"12/06/2024 04:40",N/A,https://www.facebook.com/kehelmalastudios/videos/578994815084465/,1,0,Videos,,,,,Lifetime,1536028,737200,29368,27633,753,982,57691030.39,45.825,144522,144489,33,412241,45.09,
572083592440966,100089179911066,Kehelmala,"සිංහයා | The Lion 
#tv #tvshow #music #top #hits #influencer #meltdown #explore #explorepage #alpha #manly #Kehelmala #creative #storytelling #viralreels #shorts #films","සිංහයා | The Lion 
#tv #tvshow #music #top #hits #influencer #meltdown #explore #explorepage #alpha #manly #Kehelmala #creative #storytelling #viralreels #shorts #films",142,"11/29/2024 04:58",N/A,https://www.facebook.com/kehelmalastudios/videos/545850278337644/,0,0,Videos,,,,,Lifetime,476397,230596,14147,13624,288,235,19700334.83,51.078,53473,53462,11,130513,15.06,
566862039629788,100089179911066,Kehelmala,"බොන්න ඕන ප්‍රශ්න | The Drink
#friends #friendship #friendshipgoals #boyfriend #girlfriend #breakup #recovery #sad #romance #men #mensmentalhealth #explore #explorepage #Kehelmala #creative #storytelling #viralreels #movieclips","බොන්න ඕන ප්‍රශ්න | The Drink
#friends #friendship #friendshipgoals #boyfriend #girlfriend #breakup #recovery #sad #romance #men #mensmentalhealth #explore #explorepage #Kehelmala #creative #storytelling #viralreels #movieclips",157,"11/22/2024 05:00",N/A,https://www.facebook.com/kehelmalastudios/videos/542077645287398/,1,0,Videos,,,,,Lifetime,211219,142205,5883,5314,359,210,6593555.474,38.309,16442,16434,8,21384,2.27,
564648989851093,100089179911066,Kehelmala,"රෑ වැඩ | Night Shift
#horror #work #office #jobs #night #explore #explorepage #Kehelmala #creative #storytelling #viralvideo","රෑ වැඩ | Night Shift
#horror #work #office #jobs #night #explore #explorepage #Kehelmala #creative #storytelling #viralvideo",80,"11/19/2024 04:53",N/A,https://www.facebook.com/kehelmalastudios/videos/571624835242922/,0,0,Videos,,,,,Lifetime,372183,221315,11211,9194,1410,607,8728260.297,30.187,38804,38796,8,8512,0.64,
560294470286545,100089179911066,Kehelmala,"භාරකරුවෝ | Custodians
#fight #couple #vote #husband #wife #husbandandwife #bff #explore #explorepage #Kehelmala #creative #storytelling #viralvideos #viral","භාරකරුවෝ | Custodians
#fight #couple #vote #husband #wife #husbandandwife #bff #explore #explorepage #Kehelmala #creative #storytelling #viralvideos #viral",77,"11/13/2024 05:24",N/A,https://www.facebook.com/kehelmalastudios/videos/554122954031207/,0,0,Videos,,,,,Lifetime,190836,112678,5010,4790,134,86,5610095.527,41.034,11790,11789,1,13722,0.95,
556488337333825,100089179911066,Kehelmala,"මතකද? | The Run In
#romance #love #crush #sad #couple #viralvideo #nostalgia #heart #kehelmala #creative #storytelling #cinematic #shorts #explorepage #for #you #foryou","මතකද? | The Run In
#romance #love #crush #sad #couple #viralvideo #nostalgia #heart #kehelmala #creative #storytelling #cinematic #shorts #explorepage #for #you #foryou",150,"11/08/2024 04:35",N/A,https://www.facebook.com/kehelmalastudios/videos/581545947606365/,1,0,Videos,,,,,Lifetime,3438442,1658624,81214,74169,3308,3737,131466094.236,47.736,259676,259544,132,807306,91.63,
554267527555906,100089179911066,Kehelmala,"Chocolate - last episode | රූම්ගිහින් වෙච්ච දේ - අවසන් කොටස 
#love #sad #hotel #room #couple #goals #couplegoals #boyfriend #girlfriend #viral #video #viralvideo #short #Kehelmala #impact #storytelling #cinematic","Chocolate - last episode | රූම්ගිහින් වෙච්ච දේ - අවසන් කොටස 
#love #sad #hotel #room #couple #goals #couplegoals #boyfriend #girlfriend #viral #video #viralvideo #short #Kehelmala #impact #storytelling #cinematic",104,"11/05/2024 05:53",N/A,https://www.facebook.com/kehelmalastudios/videos/546004551405302/,0,0,Videos,,,,,Lifetime,322035,189549,3921,3793,83,45,8954832.328,38.65,33608,33465,143,23466,1.95,
550524717930187,100089179911066,Kehelmala,"සූ ට මොකද වුණේ? | Trick or Treat? #halloween #horror #spooky #comedy #scary #explore #explorepage #short #film #cinematic #Kehelmala #creative #storytelling #viral","සූ ට මොකද වුණේ? | Trick or Treat? #halloween #horror #spooky #comedy #scary #explore #explorepage #short #film #cinematic #Kehelmala #creative #storytelling #viral",139,"10/31/2024 06:50",N/A,https://www.facebook.com/kehelmalastudios/videos/559337157047611/,0,0,Videos,,,,,Lifetime,3257611,1350461,78800,64274,9121,5405,120812387.21,48.448,305641,305569,72,663967,72.25,
548354411480551,100089179911066,Kehelmala,"Behind the scenes of our latest short ""Sneak | ප්‍රෝඩාකාරයා""

#Kehelmala #short #srilanka #love #viral #cinema #story #explorepage #viralvideo","Behind the scenes of our latest short ""Sneak | ප්‍රෝඩාකාරයා""

#Kehelmala #short #srilanka #love #viral #cinema #story #explorepage #viralvideo",20,"10/28/2024 08:11",N/A,https://www.facebook.com/kehelmalastudios/videos/564666692612035/,0,0,Videos,,,,,Lifetime,131145,100355,1291,1276,11,4,635401.013,5.833,228,228,,6428,0.21,
545984471717545,100089179911066,Kehelmala,"ප්‍රෝඩාකාරයා | Sneak #love #romance #couple #srilanka #viral #explorepage #fyp #Kehelmala #creative #story #twist #short #cinema","ප්‍රෝඩාකාරයා | Sneak #love #romance #couple #srilanka #viral #explorepage #fyp #Kehelmala #creative #story #twist #short #cinema",183,"10/25/2024 06:10",N/A,https://www.facebook.com/kehelmalastudios/videos/1143870944124399/,1,0,Videos,,,,,Lifetime,689769,322524,18545,16657,1426,462,29277965.516,56.368,61203,61198,5,116946,12.82,
544502571865735,100089179911066,Kehelmala,"Behind the scenes of our last short ‘’Blessings’’ 

#kehelmala #srilanka #storytelling #viralvideo","Behind the scenes of our last short ‘’Blessings’’ 

#kehelmala #srilanka #storytelling #viralvideo",16,"10/23/2024 07:00",N/A,https://www.facebook.com/kehelmalastudios/videos/1074470161003436/,1,0,Videos,,,,,Lifetime,99753,87413,538,528,7,3,294450.247,3.431,102,102,,3311,0.12,
540702728912386,100089179911066,Kehelmala,"සම්ප්‍රප්පලාප | Blessings 

#worship #blessings #prayers #srilanka #comment #parenting #kehelmala #creative #storytelling #viralvideo","සම්ප්‍රප්පලාප | Blessings 

#worship #blessings #prayers #srilanka #comment #parenting #kehelmala #creative #storytelling #viralvideo",112,"10/18/2024 06:45",N/A,https://www.facebook.com/kehelmalastudios/videos/1068991814928388/,1,0,Videos,,,,,Lifetime,2339075,1200775,65117,60111,1401,3605,71345790.834,37.325,125111,125096,15,528513,52.17,
535099349472724,100089179911066,Kehelmala,"මතක නිමිත්තක් | Family Portrait 
#family #portrait #husband #wife #son #memories #love #dadlife #viral #viralpost","මතක නිමිත්තක් | Family Portrait 
#family #portrait #husband #wife #son #memories #love #dadlife #viral #viralpost",101,"10/11/2024 06:10",N/A,https://www.facebook.com/kehelmalastudios/videos/1094434522344803/,1,0,Videos,,,,,Lifetime,834477,392331,15656,14774,255,627,24174138.634,37.131,57212,57208,4,209212,23.08,
529719263344066,100089179911066,Kehelmala,"සුබ උපන්දිනයක්! | Happy Birthday!  #memory #sad #kehelmala #creative #storytelling #mother #son #birthday #cake #grandma","සුබ උපන්දිනයක්! | Happy Birthday!  #memory #sad #kehelmala #creative #storytelling #mother #son #birthday #cake #grandma",141,"10/04/2024 07:07",N/A,https://www.facebook.com/kehelmalastudios/videos/1047498243299091/,0,0,Videos,,,,,Lifetime,2445177,1232947,52975,50569,852,1554,100731038.053,50.491,207410,207396,14,473624,35.18,
524125157236810,100089179911066,Kehelmala,"දැඩි විමර්ශන (මාර ඇමතුම 2) | Interrogation (Caller Unknown 2) 

#action  #comedy #suspense #uncle #auntie #marriage #Kehelmala #creative #storytelling","දැඩි විමර්ශන (මාර ඇමතුම 2) | Interrogation (Caller Unknown 2) 

#action  #comedy #suspense #uncle #auntie #marriage #Kehelmala #creative #storytelling",90,"09/27/2024 07:39",N/A,https://www.facebook.com/kehelmalastudios/videos/402190649368753/,0,0,Videos,,,,,Lifetime,424145,273540,8266,7207,597,462,11063768.293,32.417,18639,18638,1,7994,0.42,
518491311133528,100089179911066,Kehelmala,"කවුද දිනන්නේ?| Who’s Winning?","කවුද දිනන්නේ? | Who’s Winning?

#viral #storytelling #Election2024 #srilanka #husband #cooking #cookingathome #debate #fypシ #fypviralシ #Politics #daughter #house #house #films #shorts #shortsreels #videoviral #feminist #win #winner #winning",103,"09/20/2024 05:09",N/A,https://www.facebook.com/kehelmalastudios/videos/1207704133872580/,0,0,Videos,,,,,Lifetime,,154420,6708,6301,151,256,8327309.511,40.905,11758,11757,1,67113,8.66,
514524504863542,100089179911066,Kehelmala,Giddy-up!,"අස්සයා ගෝං",136,"09/15/2024 02:31",N/A,https://www.facebook.com/kehelmalastudios/videos/465729149778126/,0,0,Videos,,,,,Lifetime,,1233977,54117,51294,757,2066,105900108.254,53.112,184539,184513,26,681893,65.8,
508084585507534,100089179911066,Kehelmala,"ආච්චිගේ කතාව | Granny's Story","ආච්චිගේ කතාව | Granny's Story 

#films  #short  #srilankan_tik_tok  #srilankan_tik_tok  #fypシ  #Kehelmala #creative #storytelling #foryou #foryoupage #viral #fypviralシ #movie  #viralvideo  #filmclip  #viraltiktok #grandma  #dead #memory  #marriage  #memories  #family  #secret  #sadstory  #Storytime",133,"09/06/2024 05:30",N/A,https://www.facebook.com/kehelmalastudios/videos/747346660822782/,0,0,Videos,,,,,Lifetime,,946281,52035,47842,2312,1881,79041800.367,46.411,263804,263770,34,479633,53.71,
505887599060566,100089179911066,Kehelmala,"සමුගැනීම| The Short Goodbye

 #fypシ゚ #viralシ2024   #srilanka   #srilankan_tik_tok  #goodvibes   #love  #accident #foryoupageシ   #kehelmala   #creativedesign  #storytelling   #storytime   #viralpost2024   #look   #karma   #staysafe  #final  #couples   #romance  #foryoupagereels #Dangerous #foryoupage #roadsafety #viralshorts","සමුගැනීම| The Short Goodbye

 #fypシ゚ #viralシ2024   #srilanka   #srilankan_tik_tok  #goodvibes   #love  #accident #foryoupageシ   #kehelmala   #creativedesign  #storytelling   #storytime   #viralpost2024   #look   #karma   #staysafe  #final  #couples   #romance  #foryoupagereels #Dangerous #foryoupage #roadsafety #viralshorts",78,"09/03/2024 04:59",N/A,https://www.facebook.com/kehelmalastudios/videos/1182492426340644/,0,0,Videos,,,,,Lifetime,,257150,9446,8680,463,303,10616741.951,32.99,40338,40336,2,9664,0.51,
503077179341608,100089179911066,Kehelmala,"සිහින මාලිගේ | Dream Home","සිහින මාලිගේ | Dream Home 

#husbandandwifelife  #love  #loveyou  #lovestory  #home  #Crime  #films  #shorts  #srilanka  #srilankan_tik_tok  #fypシ゚  #kehelmala  #creative  #storytelling  #foryoupagereels  #foryoupage  #viralshorts  #fypシ゚viralシfypシ゚   #movie #movies #movieclips   #viralvideoシ  #filmclip  #viraltiktok",179,"08/30/2024 05:21",N/A,https://www.facebook.com/kehelmalastudios/videos/1037472511037191/,0,0,Videos,,,,,Lifetime,,822615,22903,21946,538,419,61916166.835,50.864,152014,151997,17,325702,31.22,
501445302838129,100089179911066,Kehelmala,"Chocolate, Pt 3 | රූම්ගිහින් වෙච්ච දේ - තෙවන  කොටස","රූම්ගිහින් වෙච්ච දේ - තෙවන  කොටස | Chocolate, Pt 3

 #viralvideoシ #kehelmala #films #fypシ゚ #fypシviralシ2024 #foryoupage #chocolate  # #youthful #creative #movie #srilanka #cinema #storytelling #srilankan_tik_tok #shortfilm #viral #movieclips #colombo #younglove #youngliving #love #lovestory #Lovers",100,"08/27/2024 22:19",N/A,https://www.facebook.com/kehelmalastudios/videos/365398919949960/,0,0,Videos,,,,,Lifetime,,589954,8911,8751,55,105,25123372.279,33.286,117673,116421,1252,37,0,
498427076473285,100089179911066,Kehelmala,"පුළුටු | Cooked","පුළුටු | Cooked 

#horror   #chickenwings   #foodtiktok   #demonslayer  #demon   #scary   #shower   #fypシviralシ2024   #fypシ゚   #viralvideo   #movie   #foryouシ   #foryoupage   #cinema   #funny  #kehelmala   #creative   #storytelling   #srilanka  #srilankan_tik_tok   #srilankan",119,"08/23/2024 21:54",N/A,https://www.facebook.com/kehelmalastudios/videos/978575594027965/,0,0,Videos,,,,,Lifetime,,666937,29896,28977,553,366,45418629.753,44.291,132285,132274,11,1283,0.11,
492852480364078,100089179911066,Kehelmala,"අසහනේ | Frustration","අසහනේ | Frustration 

#boymom   #dadlife   #son #parenting  #crochet #crochetaddict  #grandma  #fypシviralシ2024  #fypシ゚   #storytelling   #creative   #viralpost    #movieclips   #foryoupagereels   #foryoupageシ   #cinema   #funny  #kehelmala  #srilanka  #shortsvideos #lka",80,"08/16/2024 05:49",N/A,https://www.facebook.com/kehelmalastudios/videos/475761168564984/,0,0,Videos,,,,,Lifetime,,2071836,72076,64310,4009,3757,95970165.251,38.596,294783,294722,61,15883,0.95,
487869217529071,100089179911066,Kehelmala,"Mummy Loves You   |   අම්මා ආදරෙයි","අම්මා ආදරෙයි   |   Mummy Loves You    #kehelmala #horror #ghost #motherhood #motherandson #films #shortsvideos #viralvideo",92,"08/09/2024 06:08",N/A,https://www.facebook.com/kehelmalastudios/videos/818595030083324/,0,0,Videos,,,,,Lifetime,,268762,7989,7800,76,113,11200652.099,29.612,40809,40808,1,97281,10.19,
483154694667190,100089179911066,Kehelmala,"මාර ඇමතුම   |   Caller Unknown","මාර ඇමතුම  |  Caller Unknown",88,"08/02/2024 07:23",N/A,https://www.facebook.com/kehelmalastudios/videos/1954290738344028/,0,0,Videos,,,,,Lifetime,,148877,4384,4282,68,34,6640144.902,37.872,13542,13540,2,5640,0.37,
481037698212223,100089179911066,Kehelmala,"Chocolate, Pt 2","රූම්ගිහින් වෙච්ච දේ - දෙවන කොටස #viralvideoシ #kehelmala #films #socialmedia",89,"07/30/2024 05:05",N/A,https://www.facebook.com/kehelmalastudios/videos/491639536903811/,0,0,Videos,,,,,Lifetime,,319691,5540,5342,118,80,11725161.613,35.865,25657,25395,262,14397,0.62,
478397315142928,100089179911066,Kehelmala,"බඩු පෙට්ටිය | Gift Box","බඩු පෙට්ටිය | Gift Box #liveshow #tv #dadlife #son #drama #kehelmala #creative #storytelling #viralvideoシ",223,"07/26/2024 06:26",N/A,https://www.facebook.com/kehelmalastudios/videos/1690457158389748/,0,0,Videos,,,,,Lifetime,,230640,10286,9874,230,182,20177054.092,60.512,39814,39812,2,70679,13.95,
473775665605093,100089179911066,Kehelmala,"The Fault in Our Prints l මුද්‍රණ දෝෂ","මුද්‍රණ දෝෂ | The Fault in Our Prints",209,"07/19/2024 07:28",N/A,https://www.facebook.com/kehelmalastudios/videos/2558946880945118/,0,0,Videos,,,,,Lifetime,,1274201,79028,68032,7324,3672,92933675.665,46.181,204094,204041,53,230470,21.33,
469149292734397,100089179911066,Kehelmala,"දෛවයෝගය | Fated","දෛවයෝගය | Fated",165,"07/12/2024 07:39",N/A,https://www.facebook.com/kehelmalastudios/videos/398525283235860/,0,0,Videos,,,,,Lifetime,,3796807,143605,137804,2413,3388,248119131.782,38.982,836791,836685,106,1162204,57.45,
464459033203423,100089179911066,Kehelmala,"කොළ අතර අභිරහස","කොළ අතර අභිරහස | A Fertile Mystery",138,"07/05/2024 06:05",N/A,https://www.facebook.com/kehelmalastudios/videos/1124846235483380/,0,0,Videos,,,,,Lifetime,,939982,34455,33115,751,589,76620786.59,49.258,193283,193280,3,490039,42.5,
459647783684548,100089179911066,Kehelmala,"පොත්ගුල්ලෝ Bookworms","පොත්ගුල්ලෝ / Bookworms",152,"06/28/2024 06:14",N/A,https://www.facebook.com/kehelmalastudios/videos/410757355283685/,0,0,Videos,,,,,Lifetime,,607051,28486,26709,1154,623,52117048.09,47.84,153648,153627,21,478174,44.18,
454040424245284,100089179911066,Kehelmala,"දෙපිය රැස්වීම aka Schooled",,138,"06/20/2024 06:08",N/A,https://www.facebook.com/kehelmalastudios/videos/974767791092017/,0,0,Videos,,,,,Lifetime,,1553679,93434,88874,3241,1319,140738779.942,53.706,263531,263483,48,886671,121.68,
451406007842059,100089179911066,Kehelmala,"අපේ කන්ටෙන්ට් කොහේ ට්‍රෙන්ඩ් උනත් කාටද ආඩම්බර? 😁 Thanks  කූඹියෝ - Koombiyo for sharing!",,0,"06/16/2024 06:19",N/A,https://www.facebook.com/kehelmalastudios/posts/pfbid02fyWYLobsYdJs11joqjvzkJdDN8GQa37rZJknE6cW6UVZMgTw3ZeyqPnVdz1ZrrQvl,0,1,Videos,,,,,Lifetime,,1558,385,372,13,0,,,16,16,,0,0,
450550717927588,100089179911066,Kehelmala,"මගුල් කෑම? Eat Cake, Spill Tea",,128,"06/14/2024 23:10",N/A,https://www.facebook.com/kehelmalastudios/videos/1796260347528443/,0,0,Videos,,,,,Lifetime,,993424,66907,62898,2047,1962,69821941.681,43.459,138636,138619,17,272855,32.03,
436771432638850,100089179911066,Kehelmala,"Two Guys, One Mug",,110,"05/24/2024 19:41",N/A,https://www.facebook.com/kehelmalastudios/videos/480552514536848/,0,0,Videos,,,,,Lifetime,,330855,13455,12852,367,236,21308447.515,43.018,64463,64459,4,135050,12.44,
430623049920355,100089179911066,Kehelmala,"Chocolate, Part 1

රූම් ගිහින් වෙච්ච වැඩක් 
ColomboLove
රූම්ගිහිං
කොපුව
Room Problems","Chocolate, Part 1

රූම් ගිහින් වෙච්ච වැඩක් 
ColomboLove
රූම්ගිහිං
කොපුව
Room Problems",96,"05/16/2024 05:33",N/A,https://www.facebook.com/kehelmalastudios/videos/1085626612500709/,0,0,Videos,,,,,Lifetime,,114716,2378,2218,107,53,6202040.766,46.615,6995,6549,446,19390,1.63,
