"Post ID","Page ID","Page name",Title,Description,"Duration (sec)","Publish time","Caption type",Permalink,"Is crosspost","Is share","Post type",Languages,"Custom labels","Funded content status","Data comment",Date,Views,Reach,"Reactions, comments and shares",Reactions,Comments,Shares,"Seconds viewed","Average Seconds viewed","Estimated earnings (USD)","Total clicks","Other clicks","Link clicks","Matched audience targeting consumption (Photo Click)","Qualified views","Approximate content monetisation earnings"
985865561062765,100089179911066,Kehelmala,"Neighbours | අසල්වැසියෝ | அயலவர்

#help #community #love #growingup #Avurudu #explorepage #exploremore #explore #for #you #foryoupagereels #Kehelmala #creative #storytelling","Neighbours | අසල්වැසියෝ | அயலவர்

#help #community #love #growingup #Avurudu #explorepage #exploremore #explore #for #you #foryoupagereels #Kehelmala #creative #storytelling",180,"04/24/2026 05:15",N/A,https://www.facebook.com/reel/1483100929888863/,1,0,Videos,,,,,Lifetime,10089956,7010112,245726,240441,2287,2998,294981166.195,35.635,0,288302,288285,17,,5057685,322.89
980139244968730,100089179911066,Kehelmala,"Thorn Bush | කටු පැලේ | முள் புதர்

#husbandandwifelife #newyear #traditions #couplegoals #explore #exploremore #explorepage #fypシ゚ #foryoupagereels #kehelmala #creative #storytelling #viralpost","Thorn Bush | කටු පැලේ | முள் புதர்

#husbandandwifelife #newyear #traditions #couplegoals #explore #exploremore #explorepage #fypシ゚ #foryoupagereels #kehelmala #creative #storytelling #viralpost",179,"04/17/2026 05:47",N/A,https://www.facebook.com/reel/1548991030217525/,0,0,Videos,,,,,Lifetime,423789,317185,10466,9672,644,150,15656765.295,45.972,0,48042,48034,8,,185515,24.19
1120551194260867,100089179911066,Kehelmala,"Dreams | හීන | கனவுகள் 

#viral #fyp #viralpost #viralreels #viralreelsfacebook #foryoupageシ #foryoupage #fypシ゚ #fypviralシ #viralreelsシ #love #fypシ゚viralシ #exploremore #foryouシ #explorepage #fypシ #viralreelschallenge #fyppage #fypageシ #relationship #storytelling #foryou #explore","Dreams | හීන | கனவுகள் 

#viral #fyp #viralpost #viralreels #viralreelsfacebook #foryoupageシ #foryoupage #fypシ゚ #fypviralシ #viralreelsシ #love #fypシ゚viralシ #exploremore #foryouシ #explorepage #fypシ #viralreelschallenge #fyppage #fypageシ #relationship #storytelling #foryou #explore",240,"09/25/2026 05:01",N/A,https://www.facebook.com/reel/1531843342291771/,1,0,Videos,,,,,Lifetime,296707,235646,8187,7535,521,131,14116811.156,59.706,0,45145,45143,2,,126857,21.36
1114204244895562,100089179911066,Kehelmala,"White Lies | සුදු බොරු |  வெள்ளை பொய்கள்

#fyp #viral #explore #fypシ゚ #viralreels #viralpost #fypviralシ #viralreelsシ #viralreelsfacebook #beauty #foryou #foryoupage #foryoupageシ #friends #kehelmala","White Lies | සුදු බොරු |  வெள்ளை பொய்கள்

#fyp #viral #explore #fypシ゚ #viralreels #viralpost #fypviralシ #viralreelsシ #viralreelsfacebook #beauty #foryou #foryoupage #foryoupageシ #friends #kehelmala",158,"09/18/2026 05:00",N/A,https://www.facebook.com/reel/1891339901830073/,1,0,Videos,,,,,Lifetime,405006,312596,9125,8742,196,187,18481891.535,59.382,0,63134,63132,2,,170018,30.76
1108063232176330,100089179911066,Kehelmala,"Bodhi Pooja | බෝධි පූජාව | போதி பூஜை

#viral #fyp #explore #love #family #motherandson #mothers #moms #viralpost #viralreels #viralreelsシ #viralreelsfacebook #fyp #fypシ゚ #fypシ゚viralシ #fypviralシ #kehelmala","Bodhi Pooja | බෝධි පූජාව | போதி பூஜை

#viral #fyp #explore #love #family #motherandson #mothers #moms #viralpost #viralreels #viralreelsシ #viralreelsfacebook #fyp #fypシ゚ #fypシ゚viralシ #fypviralシ #kehelmala",146,"09/11/2026 05:00",N/A,https://www.facebook.com/reel/4540610869547373/,1,0,Videos,,,,,Lifetime,322124,270474,7257,6880,204,173,8197699.929,30.583,0,31522,31522,,,111131,14.37
1101862022796451,100089179911066,Kehelmala,"Oops! | හුටා! | அச்சச்சோ!

#DateNight #accident #RelationshipGoals #love #goals #Kehelmala #creative #storytelling #explorepage #exploremore #explore #foryouシ","Oops! | හුටා! | அச்சச்சோ!

#DateNight #accident #RelationshipGoals #love #goals #Kehelmala #creative #storytelling #explorepage #exploremore #explore #foryouシ",243,"09/04/2026 05:01",N/A,https://www.facebook.com/reel/28176791595314100/,1,0,Videos,,,,,Lifetime,977258,839968,14505,13873,281,351,38927411.482,49.057,0,128845,128840,5,,473730,52.76
1095799120069408,100089179911066,Kehelmala,"Mansions | මන්දිර | மாளிகைகள்

 #viral #fyp #viralreels #foryoupage #foryou #explorepage #viralpost #fypシ #viralreelschallenge #explore #family #foryouシ #foryoupage #foryoupageシ","Mansions | මන්දිර | மாளிகைகள்

 #viral #fyp #viralreels #foryoupage #foryou #explorepage #viralpost #fypシ #viralreelschallenge #explore #family #foryouシ #foryoupage #foryoupageシ",180,"08/28/2026 05:30",N/A,https://www.facebook.com/reel/2094107117876296/,1,0,Videos,,,,,Lifetime,173964,122810,4470,4145,177,148,6155528.65,45.156,0,13934,13933,1,,67493,12.32
1089628657353121,100089179911066,Kehelmala,"Virtually Perfect | අංග සම්පූර්ණ | கிட்டத்தட்ட சம்பூரணமானது

#viral #viralreels #fypシ゚ #fyppage #explorepage #foryou #foryoupage #foryoupagereels #fyp #artificial #datenight #fypageシ","Virtually Perfect | අංග සම්පූර්ණ | கிட்டத்தட்ட சம்பூரணமானது

#viral #viralreels #fypシ゚ #fyppage #explorepage #foryou #foryoupage #foryoupagereels #fyp #artificial #datenight #fypageシ",258,"08/21/2026 05:00",N/A,https://www.facebook.com/reel/4523713747883723/,1,0,Videos,,,,,Lifetime,253100,151668,4076,3816,149,111,9566477.585,51.191,0,30856,30853,3,,81895,15.69
1083356771313643,100089179911066,Kehelmala,"Reunion | හමුවීම | மீண்டும் சந்திப்பு

#viral #viralreels #viralreelschallenge #fypシ #explore #viralpost #family #motheranddaughter","Reunion | හමුවීම | மீண்டும் சந்திப்பு

#viral #viralreels #viralreelschallenge #fypシ #explore #viralpost #family #motheranddaughter",263,"08/14/2026 05:30",N/A,https://www.facebook.com/reel/2771177143275958/,1,0,Videos,,,,,Lifetime,345598,249731,7350,7206,79,65,15658312.198,56.986,0,32628,32626,2,,140073,26.63
1080424868273500,100089179911066,Kehelmala,"Kehelmala updated their cover photo.",,0,"08/10/2026 21:05",N/A,https://www.facebook.com/photo.php?fbid=1080424868273500&set=a.112588738390456&type=3,0,0,Photos,,,,,Lifetime,267,159,125,118,4,3,,,,15,10,,5,9110,0.19
1077314061917914,100089179911066,Kehelmala,"The Pill | පෙත්ත | மாத்திரை

 #viral #fypシ #viralreels #fypシ゚ #viralreelschallenge #viralpost #explore #kehelmala

Supported by Everystory Sri Lanka.","The Pill | පෙත්ත | மாத்திரை

 #viral #fypシ #viralreels #fypシ゚ #viralreelschallenge #viralpost #explore #kehelmala

Supported by Everystory Sri Lanka.",223,"08/07/2026 05:39",N/A,https://www.facebook.com/reel/1066378642516896/,0,0,Videos,,,,,Lifetime,338421,283904,5040,4755,212,73,11830752.826,42.543,0,50429,50425,4,,132244,19.35
1070962925886361,100089179911066,Kehelmala,"Argument | වාදය | வாதம் 

#viral #foryou #love #relationship #viralreels #explorepage #fypシ゚ #foryoupage #viralpost #viralreelschallenge #fypシ #fight #fyppage #kehelmala","Argument | වාදය | வாதம் 

#viral #foryou #love #relationship #viralreels #explorepage #fypシ゚ #foryoupage #viralpost #viralreelschallenge #fypシ #fight #fyppage #kehelmala",173,"07/31/2026 05:30",N/A,https://www.facebook.com/reel/4587372248159422/,1,0,Videos,,,,,Lifetime,702948,590691,20383,19347,532,504,26432512.484,46.328,0,65759,65752,7,,318266,46.68
1064753333173987,100089179911066,Kehelmala,"My Mother is Dead and I Have Work Tomorrow  |  අපේ අම්මා මැරිලා, හෙට මට වැඩ  |  என் அம்மா இறந்துவிட்டார், எனக்கு நாளை வேலை இருக்கிறது.

#motheranddaughter #relationship #love #grief #explore #exploremore #foryou #kehelmala #creative #storytelling #viral","My Mother is Dead and I Have Work Tomorrow  |  අපේ අම්මා මැරිලා, හෙට මට වැඩ  |  என் அம்மா இறந்துவிட்டார், எனக்கு நாளை வேலை இருக்கிறது.

#motheranddaughter #relationship #love #grief #explore #exploremore #foryou #kehelmala #creative #storytelling #viral",389,"07/24/2026 05:14",N/A,https://www.facebook.com/reel/1255543983263476/,0,0,Videos,,,,,Lifetime,238469,200374,3896,3714,74,108,8338809.196,41.877,0,24516,24516,,,98012,12.6
1058979870418000,100089179911066,Kehelmala,"Frames | රාමු | படச்சட்டங்கள் 

#viral #viralreels #explore #foryoupage #viralpost #viralreelschallenge #fypシ゚ #exploremore #storytelling #explorepage #fypシ #dad #fatherdaughter #familytime #brotherandsister #sisters #sisterlove #siblings","Frames | රාමු | படச்சட்டங்கள் 

#viral #viralreels #explore #foryoupage #viralpost #viralreelschallenge #fypシ゚ #exploremore #storytelling #explorepage #fypシ #dad #fatherdaughter #familytime #brotherandsister #sisters #sisterlove #siblings",179,"07/17/2026 05:01",N/A,https://www.facebook.com/reel/3962093987428314/,1,0,Videos,,,,,Lifetime,1283474,851791,31921,31088,355,478,47080664.597,43.069,0,68962,68952,10,,567185,88.31
1053167597665894,100089179911066,Kehelmala,"Internship | පුහුණුව | பயிற்சி 

Produced in partnership with the World Bank Sri Lanka as part of its #clearherpath campaign for women’s economic empowerment.

#internship #training #womeninbusiness #jobs #empowerment #empowerwomen #EmpoweredWomen #viralpost #foryoupage #explorepage #fypシ゚ #viral #explore #viralreels #storytelling #kehelmala #viralreelschallenge #exploremore","Internship | පුහුණුව | பயிற்சி 

Produced in partnership with the @[100064877014594:2048:World Bank Sri Lanka] as part of its #clearherpath campaign for women’s economic empowerment.

#internship #training #womeninbusiness #jobs #empowerment #empowerwomen #EmpoweredWomen #viralpost #foryoupage #explorepage #fypシ゚ #viral #explore #viralreels #storytelling #kehelmala #viralreelschallenge #exploremore",175,"07/10/2026 05:30",N/A,https://www.facebook.com/reel/2962260657460383/,1,0,Videos,,,,,Lifetime,861018,738001,17500,16539,461,500,31825850.032,43.766,0,78403,78398,5,,292179,63.57
1046984168284237,100089179911066,Kehelmala,"The Statement | කට උත්තරය | வாக்குமூலம்

Trigger warning: Contains references to domestic violence

අවවාදයයි: ගෘහස්ථ ප්‍රචණ්ඩත්වය ගැන සදහන් වේ. 

எச்சரிக்கை: இதில் குடும்ப வன்முறை குறித்த குறிப்புகள் உள்ளன.

#viral #explore #explorepage #fypシ #foryoupage #exploremore #storytelling #viralreels #viralreelschallenge #fypシ゚ #police #Crime #kehelmala","The Statement | කට උත්තරය | வாக்குமூலம்

Trigger warning: Contains references to domestic violence

අවවාදයයි: ගෘහස්ථ ප්‍රචණ්ඩත්වය ගැන සදහන් වේ. 

எச்சரிக்கை: இதில் குடும்ப வன்முறை குறித்த குறிப்புகள் உள்ளன.

#viral #explore #explorepage #fypシ #foryoupage #exploremore #storytelling #viralreels #viralreelschallenge #fypシ゚ #police #Crime #kehelmala",351,"07/03/2026 05:30",N/A,https://www.facebook.com/reel/1016785814536185/,1,0,Videos,,,,,Lifetime,268488,215396,5409,4957,312,140,12415384.011,56.484,0,23649,23648,1,,67226,16.53
1039904408992213,100089179911066,Kehelmala,"Cards | කාඩ් | சீட்டு

In partnership with the World Bank Group as part of its #FutureWorks campaign, creating jobs for a better future.

 #viralreels #viralpost #fypシ #explorepage #foryoupage #fypシ゚viralシ #fypシ゚ #jobsearch #friends #kehelmala","Cards | කාඩ් | சீட்டு

In partnership with the World Bank Group as part of its #FutureWorks campaign, creating jobs for a better future.

 #viralreels #viralpost #fypシ #explorepage #foryoupage #fypシ゚viralシ #fypシ゚ #jobsearch #friends #kehelmala",215,"06/26/2026 05:01",N/A,https://www.facebook.com/reel/994762786876911/,0,0,Videos,,,,,Lifetime,333908,286517,7007,6640,109,258,11402356.371,39.717,0,28996,28988,8,,116862,22.39
1034629272853060,100089179911066,Kehelmala,"Braids | ගෙතුම් | பின்னல்கள்

 #dad #dadlife #girldad #father #fatherdaughter #explore #exploremore #foryoupage #fypシ #viralreelschallenge #viralreels #explorepage #viral #storytelling #Kehelmala","Braids | ගෙතුම් | பின்னல்கள்

 #dad #dadlife #girldad #father #fatherdaughter #explore #exploremore #foryoupage #fypシ #viralreelschallenge #viralreels #explorepage #viral #storytelling #Kehelmala",271,"06/19/2026 05:00",N/A,https://www.facebook.com/reel/2083782809226483/,1,0,Videos,,,,,Lifetime,214133,166128,5047,4852,96,99,8498203.174,47.299,0,19594,19594,,,67130,15.88
1028395460143108,100089179911066,Kehelmala,"Fit on | ෆිට් ඕන් | பிட் ஒன்

#viral #storytelling #explore #explorepage #fypシ #foryoupage  #motherandson #kehelmala 

In partnership with Everystory Sri Lanka. Based on true stories from the Women’s Solidarity Network.","Fit on | ෆිට් ඕන් | பிட் ஒன்

#viral #storytelling #explore #explorepage #fypシ #foryoupage  #motherandson #kehelmala 

In partnership with Everystory Sri Lanka. Based on true stories from the Women’s Solidarity Network.",242,"06/12/2026 05:31",N/A,https://www.facebook.com/reel/1905226500191683/,0,0,Videos,,,,,Lifetime,925730,693813,21198,20238,694,266,48076261.458,62.916,0,103106,103098,8,,366156,96.71
1022311634084824,100089179911066,Kehelmala,"Toxic | විෂ | விஷம்

 #explorepage #explore #foryoupage #viralreelschallenge #exploremore #storytelling #familytime #Kehelmala #fypシ #viralreels #viral #friends","Toxic | විෂ | விஷம்

 #explorepage #explore #foryoupage #viralreelschallenge #exploremore #storytelling #familytime #Kehelmala #fypシ #viralreels #viral #friends",159,"06/05/2026 05:30",N/A,https://www.facebook.com/reel/1333427768670194/,1,0,Videos,,,,,Lifetime,1870509,1903036,15724,15351,131,242,31587274.189,20.956,0,75288,75284,4,,583711,38.68
1015890158060305,100089179911066,Kehelmala,"Fleeting | අස්ථිර | நிலையின்மை

#celebrate #vesak #together #familytime #lifelessons #happymoments #explore #exploremore #explorepage #foryoupage #Kehelmala #creative #storytelling #viralreelschallenge","Fleeting | අස්ථිර | நிலையின்மை

#celebrate #vesak #together #familytime #lifelessons #happymoments #explore #exploremore #explorepage #foryoupage #Kehelmala #creative #storytelling #viralreelschallenge",205,"05/29/2026 05:58",N/A,https://www.facebook.com/reel/1299179442380389/,0,0,Videos,,,,,Lifetime,690856,585491,28392,25640,745,2007,22840897.974,37.375,0,42876,42869,7,,236654,34.95
1009898841992770,100089179911066,Kehelmala,"Dodol | දොදොල් | தொதொல்

#husband #wife #husbandandwifelife #fight #sweets #familytime #shoplocal #dodol #explore #exploremore #explorepage #fypシ #kehelmala #creative #storytelling #viralreels","Dodol | දොදොල් | தொதொல்

#husband #wife #husbandandwifelife #fight #sweets #familytime #shoplocal #dodol #explore #exploremore #explorepage #fypシ #kehelmala #creative #storytelling #viralreels",282,"05/22/2026 05:29",N/A,https://www.facebook.com/reel/2448273772269609/,1,0,Videos,,,,,Lifetime,1138676,863136,31578,30406,569,603,69457176.184,74.048,0,88290,88285,5,,405274,84.38
1003761415939846,100089179911066,Kehelmala,"The Bungalow | බංගලාව | பங்களா

#viral #explore #exploremore #fyppage #explorepage #fypシ゚ #Kehelmala #kehelmala #animation #horror #thriller #creepy","The Bungalow | බංගලාව | பங்களா

#viral #explore #exploremore #fyppage #explorepage #fypシ゚ #Kehelmala #kehelmala #animation #horror #thriller #creepy",296,"05/15/2026 05:30",uploaded,https://www.facebook.com/reel/1557633252448480/,1,0,Videos,,,,,Lifetime,146967,122414,2540,2433,54,53,2411723.728,19.074,0,9959,9957,2,,35908,2.76
997690586546929,100089179911066,Kehelmala,"Voice Note | වොයිස් නෝට් | வாய்ஸ் நோட்

#friends #friendship #toxic #viral #storytelling #explorepage #explore #exploremore #fypシ゚ #fyppage #creative","Voice Note | වොයිස් නෝට් | வாய்ஸ் நோட்

#friends #friendship #toxic #viral #storytelling #explorepage #explore #exploremore #fypシ゚ #fyppage #creative",175,"05/08/2026 05:30",N/A,https://www.facebook.com/reel/1929730947825987/,1,0,Videos,,,,,Lifetime,375706,314682,6130,5860,151,119,9511777.443,29.942,0,37071,37068,3,,153520,13.71
991080257207962,100089179911066,Kehelmala,"Back to Work | ආපහු වැඩට | வேலைக்குத் திரும்புதல்

#workingwomen #family #childcare #nightshift #employment #careers #explore #fyppage #Kehelmala #creative #storytelling #viral 

Produced in partnership with the World Bank Sri Lanka as part of its #clearherpath campaign for women’s economic empowerment.","Back to Work | ආපහු වැඩට | வேலைக்குத் திரும்புதல்

#workingwomen #family #childcare #nightshift #employment #careers #explore #fyppage #Kehelmala #creative #storytelling #viral 

Produced in partnership with the @[100064877014594:2048:World Bank Sri Lanka] as part of its #clearherpath campaign for women’s economic empowerment.",240,"04/30/2026 05:15",N/A,https://www.facebook.com/reel/1599008451161135/,1,0,Videos,,,,,Lifetime,1234203,908005,31758,30193,721,844,64186313.597,62.67,0,106113,106103,10,,486947,136.67
