"Post ID","Account ID","Account username","Account name",Description,"Duration (sec)","Publish time",Permalink,"Post type","Data comment",Date,Views,Reach,Likes,Shares,Follows,Comments,Saves
17850533430166186,17841438945537091,kehelmalastudios,Kehelmala,"The Short Goodbye",83,"05/03/2024 22:41",https://www.instagram.com/reel/C6iP9OcBY89/,"IG reel",,Lifetime,,7500,548,44,7,25,14
17991894767636008,17841438945537091,kehelmalastudios,Kehelmala,"Granny, No! #grandma #granny #family #celebration #happy #new #year #avurudu #explore #explorepage #fyp #Kehelmala #creative #storytelling #shorts #viral #video #holidays",192,"04/11/2025 08:31",https://www.instagram.com/reel/DIT7C9ShYzg/,"IG reel",,Lifetime,91275,48653,4331,1985,123,150,170
17891127525212605,17841438945537091,kehelmalastudios,Kehelmala,"Bro! | බ්‍රෝ! #gym #bro #move #away #sad #bromance #sweet #explore #explorepage #Kehelmala #creative #storytelling #viral",128,"04/04/2025 06:11",https://www.instagram.com/reel/DIBpo1ABHg9/,"IG reel",,Lifetime,347794,229914,16661,5015,1496,354,770
18039958682420028,17841438945537091,kehelmalastudios,Kehelmala,"Dress | ගවුම #dress #sisters #sisterhood #mom #daughter #grandma #love #boy #friend #boyfriend #family #celebration #eid #festival #explore #exploremore #explorepage #fyp #Kehelmala #creative #storytelling #viral",119,"03/28/2025 05:41",https://www.instagram.com/reel/DHvkZtzoFVN/,"IG reel",,Lifetime,1808114,1297193,56971,12874,8325,574,5973
17849275260395179,17841438945537091,kehelmalastudios,Kehelmala,"GROWTHesque - This Sunday, 30th March at 12.30pm at the Kolamba Kamatha Festival… Tickets at www.kolambakamatha.com",100,"03/27/2025 06:53",https://www.instagram.com/reel/DHtILZqokSF/,"IG reel",,Lifetime,55737,34629,552,35,20,2,15
17860275489381197,17841438945537091,kehelmalastudios,Kehelmala,"Miss | මිස් #student #teacher #old #school #oldschool #sweet #sad #crush #love #story #explore #exploremore #explorepage #Kehelmala #creative #storytelling #shorts #viral #video #film #bigmatch",128,"03/21/2025 06:44",https://www.instagram.com/reel/DHdqNKMoYEt/,"IG reel",,Lifetime,182180,110885,10328,5423,928,118,470
17953747604794010,17841471794790432,kolambakamatha,,"GROWTHesque depicts a teenager’s coming of age during Sri Lanka’s economic crisis. Inspired by real events, this solo play packs political commentary, wholesome comedy, soulful songs, fusion songs and memorable character sketches into a 45-minute rollercoaster ride through its protagonist’s lived experience. Written and performed by Leeth Singhage, and with dramaturgy by its producer Nishantha de Silva, and presented by Kehlemala and SarongHoodie, GROWTHesque debuted as The One TEEN Show at the Edinburgh Festival Fringe in August 2022 before being presented a few months later at the world’s largest solo play festival, United Solo in New York City, where Leeth received a standing ovation and won the award for best emerging actor.

Kehelmala’s film of GROWTHesque was shot mainly at the Lionel Wendt Theatre in October 2022.

Tickets now on sale at https://kolambakamatha.com/tickets/

#kolambakamathafestival #kkf2025 #kolambakamatha #bmich #srilankantheatre #artsandculture #worldtheatre #srilanka #srilankatravel #srilankatourism",0,"03/21/2025 00:02",https://www.instagram.com/p/DHc8jfGPjLk/,"IG image",,Lifetime,25141,8596,289,43,9,0,0
18061447697300032,17841438945537091,kehelmalastudios,Kehelmala,"The Artiste #art #artist #artiste #cinema #great #visionary #genius #philosophy #controversy #life #love #death #immortal #explore #explorepage #exploremore #fyp #kehelmala #creative #storytelling #virals #viralvideo",105,"03/14/2025 05:15",https://www.instagram.com/reel/DHLeySTBcZW/,"IG reel",,Lifetime,65251,38879,1954,215,105,51,90
17870238252319558,17841438945537091,kehelmalastudios,Kehelmala,"Prodigy | හපනා #first #exam #best #student #parent #love #mom #dad #child #excel #studies #explore #explorepage #exploremore #fyp #Kehelmala #creative #storytelling #reelsviral #sendhelp",122,"03/07/2025 05:40",https://www.instagram.com/reel/DG5mpYIhDyU/,"IG reel",,Lifetime,390963,226696,18172,10093,889,439,1086
18316334863205730,17841438945537091,kehelmalastudios,Kehelmala,"Separation | වෙන්වීම #mother #father #daughter #husband #wife #child #family #problem #separation #alone #explore #explorepage #exploremore #fyp #Kehelmala #creative #storytelling #sad #viral #reels",315,"02/28/2025 04:00",https://www.instagram.com/reel/DGnZ-02oKQn/,"IG reel",,Lifetime,119026,62177,4144,556,431,76,192
18045842675257997,17841438945537091,kehelmalastudios,Kehelmala,"Behave! | හැදියන්! #help #principal #teacher #stop #violence #trauma #parenting #father #son #mother #child #boy #hurt #explore #exploremore #explorepage #fyp #Kehelmala #creative #storytelling #viralvideos #sad",139,"02/21/2025 04:30",https://www.instagram.com/reel/DGVb1ymo3z0/,"IG reel",,Lifetime,180876,92625,6784,1903,906,159,552
17976002501684609,17841438945537091,kehelmalastudios,Kehelmala,"Hope | බලාපොරොත්තුව #love #valentines #day #party #romance #relationship #relationshipgoals #sad #shortfilm #filmclip #explore #explorepage #exploremore #Kehelmala #creative #storytelling #viral",144,"02/14/2025 04:37",https://www.instagram.com/reel/DGDaUHfhrZs/,"IG reel",,Lifetime,64136,34886,1977,272,145,32,93
18046966934252439,17841438945537091,kehelmalastudios,Kehelmala,"The Miracle | හාස්කම #faith #thriller #shortfilm #film #cinematic #scary #explore #explorepage #fyp #Kehelmala #creative #storytelling #miracle #scary",156,"02/07/2025 05:10",https://www.instagram.com/reel/DFxc1chBVb-/,"IG reel",,Lifetime,188370,92204,5890,3093,621,245,264
17855389041367687,17841438945537091,kehelmalastudios,Kehelmala,"Coal | දැලි #school #event #teacher #mom #student #beauty #standard #independence #day #explore #explorepage #kehelmala #creative #storytelling #sad #true #story",109,"01/31/2025 04:56",https://www.instagram.com/reel/DFfZy00Bmx-/,"IG reel",,Lifetime,1637131,1090493,46026,5946,3735,251,3918
18015800501660930,17841438945537091,kehelmalastudios,Kehelmala,"Demonic | යක්ඛ පුතුන් #hauntedhouse #home #ghost #lost #in #translation #explore #explorepage #foryou #kehelmala #creative #storytelling #funnyvideos #viral",106,"01/24/2025 04:43",https://www.instagram.com/reel/DFNWp5yoBMb/,"IG reel",,Lifetime,69055,46268,1697,268,146,33,57
17881298829128412,17841438945537091,kehelmalastudios,Kehelmala,"Gratitude | කළගුණ #cat #catsofinstagram #catlover #cute #love #gratitude #heart #loss #sad #explorepage #explorepage✨ #explore #Kehelmala #creative #storytelling #viral #viralvideos #humanity",101,"01/17/2025 04:35",https://www.instagram.com/reel/DE7UV-jBBU2/,"IG reel",,Lifetime,19440579,13993978,3557162,813875,59340,46463,268678
18351979000123177,17841438945537091,kehelmalastudios,Kehelmala,"Procrastinator | බාලගිරිදෝෂය #newyear #resolutions #newyearnewme #motivation #diet #gym #health #fitness #explore #explorepage #promise #breaker #kehelmala #creative #storytelling #viral #2025",77,"01/10/2025 05:08",https://www.instagram.com/reel/DEpWeSAhrdF/,"IG reel",,Lifetime,90205,56645,2590,370,260,28,96
18051095717504152,17841438945537091,kehelmalastudios,Kehelmala,"Sensational | සංවේගාත්මක #news #media #breakingnews #story #sad #mother #mom #son #child #explore #explorepage #Kehelmala #creative #storytelling #viral #viralvideos #short #shortfilm #clip",133,"01/03/2025 04:56",https://www.instagram.com/reel/DEXTUp-onlk/,"IG reel",,Lifetime,119660,70573,3399,602,345,68,117
18249722470278703,17841438945537091,kehelmalastudios,Kehelmala,"Just Right! | නියම ගාන #christmastime #holiday #happy #memories #grandma #mom #son #grandson #family #friends #explore #explorepage #Kehelmala #creative #storytelling #viral #nostalgia #sweet #2024",156,"12/24/2024 05:07",https://www.instagram.com/reel/DD9kth1oMmY/,"IG reel",,Lifetime,136116,84636,5292,762,612,66,259
17934945746951060,17841438945537091,kehelmalastudios,Kehelmala,"Santa’s Gift | සීයාගේ තෑග්ග #Christmas #santa #philosophy #child #gift #sad #crisis #help #shorts #explore #explorepage #Kehelmala #creative #storytelling #viralvideos",112,"12/19/2024 04:57",https://www.instagram.com/reel/DDwra8MBs6y/,"IG reel",,Lifetime,64035,41285,2148,663,131,49,82
18046376005933878,17841438945537091,kehelmalastudios,Kehelmala,"The Farewell | සමුදීම #office #love #crazy #boss #proposal #funny #explore #explorepage #Kehelmala #creative #storytelling #viral #films #shorts #sad #romance",149,"12/13/2024 04:43",https://www.instagram.com/reel/DDhNXzMBpcK/,"IG reel",,Lifetime,163413,102295,4639,1949,952,101,363
18029685155410003,17841438945537091,kehelmalastudios,Kehelmala,"The Cover Up | කැළල #sister #sisters #domesticviolence #husband #husbandandwife #wife #explorepage #Kehelmala #creative #storytelling #viralvideos #viral #shorts",119,"12/06/2024 19:56",https://www.instagram.com/reel/DDQz-dAhvxz/,"IG reel",,Lifetime,94065,55576,2755,506,458,59,147
18290256445237749,17841438945537091,kehelmalastudios,Kehelmala,"The Lion | සිංහයා #tv #music #chart #show #alpha #influencer #meltdown #explorepage #explore #Kehelmala #creative #storytelling #shortfilm #shorts #viral #filmscene",141,"11/29/2024 05:05",https://www.instagram.com/reel/DC9MixVhdM8/,"IG reel",,Lifetime,58574,35160,1832,595,112,44,80
18142736506317935,17841438945537091,kehelmalastudios,Kehelmala,"The Drink | බොන්න ඕන ප්‍රශ්න #friends #friendship #friendgoals #boyfriend #girlfriend #ex #explorepage #explore #man #men #mentalhealth #Kehelmala #creative #storytelling #mensmentalhealth #viralvideos #movie #moviescenes",156,"11/22/2024 04:45",https://www.instagram.com/reel/DCrJRRohy7C/,"IG reel",,Lifetime,40336,25202,1232,239,110,16,51
18016549496630351,17841438945537091,kehelmalastudios,Kehelmala,"Night Shift | රෑ වැඩ #horror #work #office #night #viralvideos #explore #explorepage #kehelmala #creative #storytelling #intern",79,"11/19/2024 04:57",https://www.instagram.com/reel/DCjb1cYBi0y/,"IG reel",,Lifetime,39807,24520,1129,288,82,15,34
18005672201679129,17841438945537091,kehelmalastudios,Kehelmala,"Custodians | භාරකරුවෝ #couplegoals #hit #vote #fight #hospital #bff #husband #wife #husbandandwife #explore #explorepage #Kehelmala #creative #storytelling #viralvideos",76,"11/13/2024 05:20",https://www.instagram.com/reel/DCUBoGsBDGU/,"IG reel",,Lifetime,81041,48221,1871,282,236,48,89
18063059092685679,17841438945537091,kehelmalastudios,Kehelmala,"Behind the scenes of our vertical short ""Happy Birthday"". Makeup artistry can enhance storytelling and bring impactful characters to life. #storytelling #creative #shorts #cinematic #makeup #makeupartist #makeuptransformation",39,"11/11/2024 08:45",https://www.instagram.com/reel/DCPP2d7Pv7b/,"IG reel",,Lifetime,24341,18041,343,6,21,3,4
17894885565017080,17841438945537091,kehelmalastudios,Kehelmala,"The Run In | මතකද? #romance #love #couple #nostalgia #past #relationship #crush #Kehelmala #creative #storytelling #explore #sad #cinematic #explorepage #heart #viral",150,"11/08/2024 04:30",https://www.instagram.com/reel/DCHEbudI0Tw/,"IG reel",,Lifetime,55642,30866,2406,808,238,72,159
18155032003332313,17841438945537091,kehelmalastudios,Kehelmala,"Trick or Treat? #halloween #spooky #horror #comedy #explore #explorepage #viral #short #movie #Kehelmala #creative #storytelling #cinematic",138,"10/31/2024 06:46",https://www.instagram.com/reel/DBymUKjhY14/,"IG reel",,Lifetime,60207,30845,1790,1339,267,64,89
18464811475048053,17841438945537091,kehelmalastudios,Kehelmala,"Behind the scenes of our lates short ""Sneak | ප්‍රෝඩාකාරයා""

#Kehelmala #short #srilanka #love #viral #cinema #story #explorepage #viralvideo",19,"10/28/2024 08:12",https://www.instagram.com/reel/DBrCFgFtlyI/,"IG reel",,Lifetime,20278,14640,372,13,20,0,6
17883782679066895,17841438945537091,kehelmalastudios,Kehelmala,"Sneak | ප්‍රෝඩාකාරයා #love #romance #couple #couplegoals #explore #explorepage #srilanka🇱🇰 #kehelmala #viral #twist",182,"10/25/2024 05:38",https://www.instagram.com/reel/DBjBv5cBVoE/,"IG reel",,Lifetime,60870,29545,2175,2320,218,93,154
18056756695803254,17841438945537091,kehelmalastudios,Kehelmala,"Behind the scenes of our last short ‘’Blessings’’ 

#kehelmala #srilanka #storytelling #viralvideo",15,"10/23/2024 07:00",https://www.instagram.com/reel/DBeB9eYJj-q/,"IG reel",,Lifetime,15641,11674,166,8,5,0,2
17924453858973354,17841438945537091,kehelmalastudios,Kehelmala,"Blessings | සම්ප්‍රප්පලාප #explore #blessings #prayer #comment #parenting #srilanka🇱🇰 #kehelmala #creative #storytelling #viral",111,"10/18/2024 06:30",https://www.instagram.com/reel/DBRGIrHBN8c/,"IG reel",,Lifetime,97304,51899,3224,1689,464,82,208
18135322279364514,17841438945537091,kehelmalastudios,Kehelmala,"Family Portrait | මතක නිමිත්තක් #family #portrait #dad #mom #son #husbandandwife #explorepage #instagood #dadlife #viral #kehelmala",100,"10/11/2024 06:08",https://www.instagram.com/reel/DA_CJz9BBcg/,"IG reel",,Lifetime,35790,18902,1315,237,73,28,49
18456411982023589,17841438945537091,kehelmalastudios,Kehelmala,"Happy Birthday! | සුබ උපන්දිනයක්!",140,"10/04/2024 06:33",https://www.instagram.com/reel/DAtDNy-saBc/,"IG reel",,Lifetime,33388,17032,1584,257,80,29,68
18340383805130714,17841438945537091,kehelmalastudios,Kehelmala,"Interrogation (Caller Unknown 2) | දැඩි විමර්ශන (මාර ඇමතුම 2) 

#explorepage #action #comedy #Kehelmala #creative #storytelling",89,"09/27/2024 06:07",https://www.instagram.com/reel/DAa-9tFonBi/,"IG reel",,Lifetime,32080,12671,829,197,26,31,39
18245471356284984,17841438945537091,kehelmalastudios,Kehelmala,"Who Will Win? | කවුද දිනන්නේ?",107,"09/19/2024 06:14",https://www.instagram.com/reel/DAGZdYYoN5D/,"IG reel",,Lifetime,64469,11916,1842,61,24,48,78
17919187919972528,17841438945537091,kehelmalastudios,Kehelmala,"Giddy-up! |  අස්සයා ගෝං",135,"09/13/2024 05:58",https://www.instagram.com/reel/C_26Rz-Ik-V/,"IG reel",,Lifetime,49271,10459,1544,114,23,31,75
18244761652260105,17841438945537091,kehelmalastudios,Kehelmala,"Granny’s Story | ආච්චිගේ කතාව",132,"09/06/2024 06:43",https://www.instagram.com/reel/C_k-UfVovje/,"IG reel",,Lifetime,47843,11505,1725,412,58,51,102
18050113969846528,17841438945537091,kehelmalastudios,Kehelmala,"Dream Home |  සිහින මාලිගේ",178,"08/30/2024 05:36",https://www.instagram.com/reel/C_S07HBI2Yr/,"IG reel",,Lifetime,27927,8695,905,68,33,18,44
17873397168150964,17841438945537091,kehelmalastudios,Kehelmala,"Cooked |  පුළුටු",118,"08/23/2024 05:46",https://www.instagram.com/reel/C_A0eIqI7Rp/,"IG reel",,Lifetime,31991,8462,883,27,20,25,53
18238548379280049,17841438945537091,kehelmalastudios,Kehelmala,"Frustration |  අසහනේ",79,"08/16/2024 06:00",https://www.instagram.com/reel/C-u0zXFhF8B/,"IG reel",,Lifetime,4256289,2554182,213192,239251,3683,1222,15249
18445876417035683,17841438945537091,kehelmalastudios,Kehelmala,"Mummy Loves You |  අම්මා ආදරෙයි",91,"08/09/2024 05:15",https://www.instagram.com/reel/C-cuBGVhycr/,"IG reel",,Lifetime,30717,8666,817,46,12,14,30
17920040651948540,17841438945537091,kehelmalastudios,Kehelmala,"Caller Unknown |  මාර ඇමතුම",87,"08/02/2024 06:58",https://www.instagram.com/reel/C-K34INoWUs/,"IG reel",,Lifetime,24226,7569,615,29,7,15,21
18442133209016485,17841438945537091,kehelmalastudios,Kehelmala,"Gift Box | බඩු පෙට්ටිය",222,"07/26/2024 06:15",https://www.instagram.com/reel/C94xQj5oDA3/,"IG reel",,Lifetime,31104,7870,920,98,10,54,52
18035558564068987,17841438945537091,kehelmalastudios,Kehelmala,"The Fault in Our Prints | මුද්‍රණ දෝෂ",208,"07/19/2024 06:56",https://www.instagram.com/reel/C9m1A2qhNXc/,"IG reel",,Lifetime,30336,7202,1164,312,15,49,60
17940557066845288,17841438945537091,kehelmalastudios,Kehelmala,"Fated | දෛවයෝගය",164,"07/12/2024 06:54",https://www.instagram.com/reel/C9Uy1jmBsIF/,"IG reel",,Lifetime,67748,10748,2335,222,60,50,201
18008290544533844,17841438945537091,kehelmalastudios,Kehelmala,"A Fertile Mystery | කොළ අතර අභිරහස",137,"07/05/2024 06:01",https://www.instagram.com/reel/C9CrlUHhws0/,"IG reel",,Lifetime,34586,7888,925,46,9,25,48
17942555894734380,17841438945537091,kehelmalastudios,Kehelmala,"Bookworms පොත්ගුල්ලෝ",151,"06/28/2024 06:08",https://www.instagram.com/reel/C8wqyVtBW01/,"IG reel",,Lifetime,,7912,864,176,15,31,43
17983992644688979,17841438945537091,kehelmalastudios,Kehelmala,"දෙපිය රැස්වීම aka Schooled",137,"06/20/2024 06:06",https://www.instagram.com/reel/C8cENDXBO8n/,"IG reel",,Lifetime,,7875,3221,348,36,95,182
18024243110230477,17841438945537091,kehelmalastudios,Kehelmala,"Eat Cake, Spill Tea",127,"06/14/2024 05:28",https://www.instagram.com/reel/C8MjFpHBmy-/,"IG reel",,Lifetime,,8215,2167,195,22,51,215
18431408074063948,17841438945537091,kehelmalastudios,Kehelmala,"2 Guys, 1 Mug",110,"05/24/2024 06:39",https://www.instagram.com/reel/C7WmONGB4JC/,"IG reel",,Lifetime,,6011,848,96,11,82,37
18001750262536892,17841438945537091,kehelmalastudios,Kehelmala,"නයි මල්ල /  Handbag Problems",108,"05/11/2024 04:56",https://www.instagram.com/reel/C608U-ChOmS/,"IG reel",,Lifetime,,7358,829,135,9,7,33
