Content,Video title,Video publish time,Duration,Shares,Average view duration,Engaged views,Views,Watch time (hours)
Total,,,,52785,0:01:28,21203528,28619965,520726.3865
h825vwpnyqY,Snake Bag,"Jun 30, 2025",111,1843,0:01:20,2946837,5269694,66794.1282
XT4T7fZm2ng,Coal,"Jan 31, 2025",110,1842,0:01:09,2813426,3660459,54698.9763
MSpCBHvSZ74,Schooled,"Mar 3, 2025",138,4339,0:01:41,1457399,2404242,41223.7866
fzKEH70r5zE,Sneaking In | A Kehelmala Short,"Oct 10, 2025",267,2774,0:01:35,1523909,1537970,40312.1432
jv1VwDFa-iw,Fated,"Mar 15, 2025",165,1246,0:01:32,678832,861933,17420.8109
kU3PUBraTU4,Caught in the Act | A Kehelmala Short,"Jan 29, 2025",80,3847,0:00:39,1511174,1516476,16600.0423
8Do6GpixsMU,Just Right!,"Dec 24, 2024",157,1088,0:01:31,543652,565057,13799.3365
1BLEYDZqsjc,Giddy Up!,"Jan 5, 2026",136,516,0:01:26,479092,954601,11591.6869
5NHfd3RtZBs,Morning After | A Kehelmala Short,"Mar 20, 2026",289,444,0:01:38,418102,418228,11483.4149
ILxiyS6hXsI,New Boy,"Sep 4, 2025",173,1325,0:01:37,375785,631841,10248.9857
ao94jY-Fpx4,"Sneaking In, pt. 2","Jan 17, 2026",133,1401,0:01:13,448405,664581,9278.5696
ADfNVfgoR3s,A Fertile Mystery,"Feb 17, 2025",138,458,0:01:21,383153,417720,8698.0388
oobiuR9yAKE,Siblings,"Jan 26, 2026",158,405,0:01:34,246468,441680,6565.8826
SBAvUqcZE0I,Pani Walalu,"Apr 13, 2026",180,248,0:01:17,298082,458161,6448.6176
7vQnRaB0b5c,Siblings | A Kehelmala Short,"Nov 7, 2025",158,498,0:01:03,318299,336527,5623.4997
0ARfffcK6vQ,Neighbours  | A Kehelmala Short,"Apr 24, 2026",180,300,0:01:17,250274,251456,5407.4904
C5ON9MynOiU,A Special Day | A Kehelmala Short,"Oct 17, 2025",270,368,0:02:43,113733,114703,5166.0122
i4qp5tkM4Fo,Dodol | A Kehelmala Short,"May 22, 2026",282,760,0:03:10,96776,98314,5119.7899
SOcLsA78py4,Dinner | A Kehelmala Short,"Jun 27, 2025",191,472,0:02:06,138274,139912,4840.6079
vd-bZRa32yY,Screwdriver | A Kehelmala Short Film,"Mar 13, 2026",893,182,0:06:47,39215,39505,4435.5423
mG3G8cgt-P4,Besties | A Kehelmala Short Film,"Jan 1, 2026",595,1297,0:04:13,62182,62989,4380.6594
Azm8OtyO8-8,Separation | A Kehelmala Short,"Feb 27, 2025",316,225,0:02:29,103738,105258,4306.85
WGsDxdXDlOs,In Charge | A Kehelmala Short Film,"Feb 6, 2026",546,142,0:02:54,81705,83773,3968.093
9L396IAYluQ,Gift,"Oct 13, 2025",155,158,0:01:24,165975,261644,3939.8539
pxzSzTB4n9M,The Miracle,"Nov 24, 2025",157,547,0:01:45,129270,222924,3799.6205
BWJCP9b5XXg,Back To Work  | A Kehelmala Short,"Apr 30, 2026",240,443,0:02:26,90849,91721,3687.6074
I_A4J7s05A4,Breakup,"Sep 29, 2025",146,302,0:01:18,167890,257774,3676.499
qmToU4Zi8CI,Approval | A Kehelmala Short,"Mar 6, 2026",198,468,0:02:14,96284,96803,3602.8699
Vk4IXydGX04,Blessings,"Apr 28, 2025",112,689,0:01:13,163524,268795,3377.5881
i1D0wyY2cUM,Christmas Kiribath | A Kehelmala Short,"Dec 24, 2025",275,173,0:02:52,66957,67187,3215.915
piRznLbX7NU,Lantern,"May 25, 2026",138,75,0:01:26,121506,192599,2962.2688
dNhEe7LuOGQ,Day Out | A Kehelmala Short,"Dec 19, 2025",307,132,0:03:00,56030,56306,2805.0255
CtAsNCNce1c,Welcome to my home #movie #drama #love #obsession #dark,"Nov 24, 2024",179,223,0:01:44,94101,113855,2749.5407
6wIicQN-ePM,The Interview | A Kehelmala Short,"Oct 24, 2025",269,151,0:03:06,52599,52975,2721.907
_rFj8AK2_Rk,Fridge | A Kehelmala Short,"Nov 14, 2025",179,993,0:01:53,86093,87197,2713.4705
qZj62uNdgRA,Lunchtime | A Kehelmala Short,"Aug 29, 2025",149,313,0:01:28,107853,175226,2670.1313
gfsFfqhW3o8,You And I | A Kehelmala Short,"Feb 13, 2026",206,332,0:01:27,108885,109100,2649.5963
rW30XPm_UWo,The Cover Up,"Jul 14, 2025",120,111,0:01:15,123197,179780,2616.0669
gOmotuE-6g0,"Granny, no! | A Kehelmala Short","Apr 11, 2025",194,1073,0:02:07,66782,67271,2365.2596
_mCxXbRFXtg,Argument,"Sep 7, 2026",173,391,0:01:19,102967,172132,2314.9403
_TFswkXklpQ,Pinipa! | A Kehelmala Short,"Oct 31, 2025",339,526,0:02:56,46125,46345,2263.3033
5fztEmSr3hM,Marble | A Kehelmala Short,"Jan 9, 2026",180,220,0:01:58,66676,67483,2201.0193
wPSXmYztLDo,Moving Out | A Kehelmala Short,"Jul 18, 2025",266,97,0:02:43,46281,46402,2103.3713
yw24uG89uDw,Lantern | A Kehelmala Short,"May 9, 2025",138,116,0:01:12,104456,104845,2103.2993
r2xrR2OEH6Q,Embers | A Kehelmala Short,"Jan 23, 2026",270,304,0:02:48,44100,44713,2068.4202
OzqupDTHzKY,Internship | A Kehelmala Short,"Jul 10, 2026",175,237,0:01:55,63299,63752,2023.9334
JrcHgW5sAGQ,Binge | A Kehelmala Short,"Jun 6, 2025",236,294,0:02:17,51405,52540,1964.9711
mPLK87JG7Ww,Loser | A Kehelmala Short,"Jul 4, 2025",205,544,0:02:18,50555,50756,1951.9028
yoWTN9Ud8SQ,Fit On | A Kehelmala Short,"Jun 12, 2026",242,142,0:02:50,41085,41608,1940.8715
gDzeKgUtrHI,The Farewell | A Kehelmala Short,"Jan 27, 2025",151,551,0:01:41,67209,68719,1890.4895
neq3JaQLsHc,Breakup | A Kehelmala Short,"Aug 15, 2025",146,385,0:01:37,68551,69603,1853.69
ZNEvzB88jbw,Dress | A Kehelmala Short,"Mar 28, 2025",120,355,0:01:22,76324,76848,1751.9166
pnN6dEUsEoQ,Fleeting | A Kehelmala Short,"May 29, 2026",205,361,0:02:17,45820,46137,1747.0152
NN_AYJQ2YhU,Memorise | A Kehelmala Short,"Dec 12, 2025",164,334,0:01:52,53086,53393,1664.6251
wVFPcnljNsA,Virtually Perfect | A Kehelmala Short,"Aug 21, 2026",258,294,0:02:44,34415,50026,1577.5632
62FuL9l-E-c,The Fault in our Prints,"Aug 26, 2025",180,946,0:01:38,56780,95018,1569.5122
hW39jR_gHsA,Happy Birthday! | A Kehelmala Short,"Dec 27, 2024",141,153,0:01:31,60842,61035,1554.8404
THj3sE6hO68,Human Resources | A Kehelmala Short,"Apr 25, 2025",166,294,0:01:51,49734,49826,1544.9288
q_92yFyv1_4,Custodians,"Nov 13, 2024",77,100,0:00:55,94742,131377,1474.3466
yeU04ROI2w0,The Room,"Sep 22, 2025",151,159,0:01:30,57576,97304,1464.3725
7IBaKGO-yJc,Catfight | A Kehelmala Short,"Sep 12, 2025",130,339,0:01:01,79559,80748,1351.2846
0fb8WusWAE8,The Statement | A Kehelmala Short,"Jul 3, 2026",351,112,0:03:48,21158,21390,1344.7414
Gt6EfBUbj48,"Two Guys, One Cup","Apr 15, 2025",110,191,0:01:15,62811,100929,1335.0317
Qokuxm_8sDM,Date Night | A Kehelmala Short,"Nov 21, 2025",240,250,0:02:29,32097,32186,1334.7787
AMNfa_XQ0j8,The Miracle | A Kehelmala Short,"Feb 7, 2025",158,562,0:01:41,46288,46370,1307.8233
8-BqQ1lvQys,Pani Walalu | A Kehelmala Short,"Apr 10, 2026",180,182,0:01:52,41658,42633,1301.0558
Hth84PJuK8A,Blanket | A Kehelmala Short,"Dec 5, 2025",197,150,0:02:20,33252,33403,1298.1371
2T_r2Up9nSk,Gift | A Kehelmala Short,"Aug 1, 2025",155,126,0:01:47,43552,43752,1295.1574
7BLJzZx6wcc,Tea Time | A Kehelmala Short,"May 30, 2025",152,308,0:01:42,43946,44084,1250.3796
l0iJ1Q2-pA4,Prodigy | A Kehelmala Short,"Mar 7, 2025",123,417,0:01:25,52438,53175,1247.1102
GgLb9OolTiU,The Room | A Kehelmala Short,"Sep 19, 2025",151,197,0:01:46,41524,41739,1232.1266
do-ZESm909s,Miss  |  A Kehelmala Short,"Mar 21, 2025",129,309,0:01:32,46034,46375,1187.4007
WvHJmnGZHso,45 Minutes | A Kehelmala Short,"Feb 20, 2026",164,586,0:01:53,37363,37683,1179.2473
7ec_SAu2-Js,Braids | A Kehelmala Short,"Jun 19, 2026",271,59,0:02:39,26190,26592,1162.8168
gN6_EQ1bSik,The Farewell,"Nov 18, 2025",150,194,0:01:21,49152,80857,1127.9598
Rs4Nc1YMqYs,Tastiest,"Apr 18, 2025",180,110,0:01:36,41357,62926,1114.9825
V8g-PEx8Jj4,The Run In | A Kehelmala Short,"Nov 7, 2024",151,413,0:01:41,37451,37600,1054.7393
AAHUJX3rk6I,Eat! | A Kehelmala Short,"Nov 28, 2025",263,73,0:02:22,26712,26742,1053.9685
yE9p4Qk8mOU,Sensational! | A Kehelmala Short,"Feb 5, 2025",134,113,0:01:29,42251,42451,1046.5506
W-SnG21a0uQ,Remains,"Oct 6, 2025",180,28,0:01:33,39750,61810,1037.5838
InxbgPajh3k,Behave! | A Kehelmala Short,"Feb 21, 2025",140,364,0:01:43,35445,35511,1017.8801
006hHubla6g,The Pill | A Kehelmala Short,"Aug 7, 2026",223,152,0:02:02,29193,30848,991.4454
dT0zUojcyAA,"Sneaking In, Pt. 1","Jan 16, 2026",140,316,0:01:24,40611,65531,964.7093
pSS5j1rmZqs,Remains | A Kehelmala Short,"Jun 13, 2025",181,44,0:01:56,29579,29612,957.1334
7aWXLqS1xBc,Fridge,"Dec 23, 2025",179,178,0:01:49,31429,48052,957.0183
5eZEIm5cR-4,Granny’s Story,"Feb 19, 2025",133,298,0:01:39,34165,48614,948.14
-6O-5wtU9Vg,Wedding Cake,"Mar 31, 2025",129,309,0:01:44,32421,51166,946.3748
4G-3_S0xa6E,Cards | A Kehelmala Short,"Jun 26, 2026",215,125,0:02:29,22654,22954,940.4635
sXFNSSJiTIk,What’s with Su?,"May 14, 2025",139,498,0:01:43,32085,58214,927.9419
SXXkCW4mlGA,The Fit | A Kehelmala Short,"Oct 4, 2025",146,51,0:01:38,31724,32431,872.7937
voCMcnk64y8,Daylight | A Kehelmala Short,"Aug 7, 2025",142,85,0:01:32,33667,33725,864.7336
LzwM6HpIPFI,Graduation | A Kehelmala Short,"Jul 25, 2025",137,143,0:01:40,30972,31034,861.9949
ZAsDP54iINA,Lunchtime | A Kehelmala Short,"Aug 31, 2025",149,121,0:01:36,32104,32322,860.0335
asY3Oh-H6XA,Mummy loves you,"Feb 25, 2025",92,74,0:00:52,57678,74806,853.7213
9aZXdQlFNZk,Reunion | A Kehelmala Short,"Aug 14, 2026",263,14,0:02:27,20490,21902,838.9635
ePn2obtYNCc,Chocolate - Part 1 | A Kehelmala Short Series,"Dec 31, 2024",102,324,0:01:13,40521,40526,824.8399
QlzOpLNdJ-o,Thorn Bush | A Kehelmala Short,"Apr 17, 2026",179,85,0:02:03,23680,23902,812.3001
Drkc_uw2YKo,White Lies | A Kehelmala Short,"Sep 18, 2026",158,48,0:01:57,23089,49546,767.3084
tWkTsSEFuO4,Spittoon | A Kehelmala Short,"Aug 23, 2025",165,128,0:01:59,22612,22689,752.6522
RO7feWGO4PM,Preparations | A Kehelmala Short,"May 2, 2025",147,48,0:01:44,25658,25690,741.8044
t5fV_nQrxeg,Oops! | A Kehelmala Short,"Sep 4, 2026",243,47,0:02:13,19830,33574,741.1739
Z8u5jYI8dK0,"Gift Box, Pt 1","Nov 10, 2025",90,128,0:01:04,40452,92069,737.8362
SsligsV8cgo,Sneak!,"Jun 23, 2025",180,318,0:01:41,25945,49691,737.1925
nTNdrzP8CS0,Talk | A Kehelmala Short,"Jun 20, 2025",167,54,0:01:47,24466,24506,729.8989
bKqP3aW5sjo,"Gift Box, Pt 2","Nov 12, 2025",136,39,0:01:22,31523,46269,727.607
DmUYCL9oyTM,Argument | A Kehelmala Short,"Jul 31, 2026",173,243,0:02:00,21718,23315,725.7586
CE0v1jyOpI0,My Mother is Dead and I Have Work Tomorrow | A Kehelmala Short Film,"Jul 24, 2026",389,58,0:02:41,15316,15942,685.9991
SPlmkNt6Uks,Worsties | A Kehelmala Short,"Apr 3, 2026",180,66,0:01:39,24701,25387,680.05
kPjF23DxXI0,Toxic | A Kehelmala Short,"Jun 5, 2026",159,35,0:01:26,28207,28322,674.8564
MoESShHCAe4,Sambol | A Kehelmala Short,"Jul 11, 2025",131,58,0:01:32,25313,25401,651.5822
oeU2Qqf_hCE,Mansions | A Kehelmala Short,"Aug 28, 2026",180,55,0:02:14,16901,35036,639.9156
8qLwDbhhFyg,Sisters,"Jun 7, 2025",120,58,0:01:19,28853,42603,637.5478
mzUqLeKBveg,Chocolate - Part 2  |  A Kehelmala Short,"Mar 18, 2025",93,139,0:01:00,37515,37530,635.6669
3HrENukNcEA,Caught in the Act,"Jan 12, 2026",80,273,0:01:03,35895,65334,634.8201
L5GJXaCaSsY,Chocolate - Part 3 | A Kehelmala Short,"Apr 23, 2025",100,99,0:01:06,33636,33659,625.0001
riarzQ34SXM,Voice Note  | A Kehelmala Short,"May 8, 2026",175,74,0:01:40,22314,22548,621.5498
fRWT2bYQi_I,Frames | A Kehelmala Short,"Jul 17, 2026",179,77,0:02:08,17408,17912,620.7524
Dgu-jqXT6_o,Kalumini!,"Mar 24, 2025",152,141,0:01:27,25346,38900,617.4893
N88snzX_pVk,Dreams | A Kehelmala Short,"Sep 25, 2026",240,116,0:02:43,13309,28835,612.2081
KERym5Lr3VI,Behave!,"Feb 22, 2025",140,71,0:01:31,23618,37331,607.4788
Jj4s5r__GeI,The Gaze | A Kehelmala Short,"Feb 14, 2025",145,91,0:01:17,27846,28041,601.547
gOs5gEGGOxI,The Talk,"Nov 26, 2024",157,91,0:01:26,24477,33125,594.0763
BuRSR_SaxyQ,Family Portrait,"Feb 12, 2025",101,121,0:01:09,30520,43794,591.135
MCy4FjBm5OY,Bro! | A Kehelmala Short,"Apr 4, 2025",129,177,0:01:32,22870,22899,590.2768
iv5CUzrzhA0,Cooked,"Jun 9, 2025",119,69,0:01:13,27750,46540,570.9983
Ema-Xi8aoNU,Misfire | A Kehelmala Short,"Feb 27, 2026",180,40,0:01:57,17282,17394,562.1773
FaqTYCaZd8E,The Lion,"Mar 15, 2025",142,71,0:01:34,20654,34703,546.6891
dBEzCbsGgCA,Bodhi Pooja | A Kehelmala Short,"Sep 11, 2026",146,55,0:01:43,18435,42688,544.2286
OqTjSpzJM1k,Santa’s Gift,"Dec 19, 2024",113,180,0:01:14,25534,35314,533.1
0qCFDtgYUI8,Bro!,"Nov 3, 2025",129,54,0:01:05,28987,43380,528.5799
2FozUnAIL0A,Flying Visit | A Kehelmala Short,"Mar 27, 2026",180,95,0:01:54,16319,16395,519.8883
2q-6p5zQgIY,"Chocolate, final episode | A Kehelmala Short","Jun 17, 2025",104,66,0:01:14,24597,24681,510.8547
Eo8rWy4epyA,Kolam | A Kehelmala Short,"Jan 15, 2026",236,47,0:01:56,15718,15765,509.4424
xaJQuWZLp20,Catfight,"Sep 12, 2025",130,174,0:01:19,22693,34123,505.608
HiRrwtQnsNw,Daylight,"Aug 7, 2025",142,21,0:01:23,20890,34327,489.5279
3txvdWHR6Qw,Demonic,"Jan 24, 2025",107,43,0:00:52,32462,41097,477.3344
wgFbT9uiyA8,Tea Time!,"Jun 1, 2025",152,115,0:01:12,23449,36300,476.5508
lnV1QCNwcig,Breakdown,"Jan 30, 2026",156,16,0:00:59,27859,42564,466.1492
_3RQJLLPwy0,Wrong Number?,"Jul 22, 2025",88,35,0:01:10,20739,38880,407.6379
zvjOBpSaWjk,Human Resources,"Aug 11, 2025",166,32,0:01:20,17854,26347,404.5735
REQIVUWJIBY,The Long Goodbye,"Apr 8, 2025",82,97,0:00:55,25919,42829,403.9897
ahiKDKpgrns,Purpose | A Kehelmala Short,"May 23, 2025",143,80,0:01:14,18769,18785,389.3678
UDh7Utx1gCo,Marble,"Feb 16, 2026",180,42,0:01:36,14010,21644,377.126
QrSsQ-MBD6k,Spittoon,"Aug 22, 2025",165,45,0:01:20,16463,27027,373.5663
vu5S6wfxf4E,The Gaze,"Feb 14, 2025",145,25,0:00:51,25588,34269,371.9727
u0Fo0l6cczQ,Night Shift,"Mar 9, 2025",80,139,0:00:52,25135,42891,371.0769
fAPE5hedU7s,The Artiste | A Kehelmala Short,"Mar 13, 2025",106,123,0:01:12,18077,18122,362.9595
Aiv5zMGxpZs,Toxic,"Jul 27, 2026",159,14,0:01:18,16012,24190,353.4325
fFzt_MZ2zhE,Miss,"Oct 21, 2025",129,73,0:01:12,16234,31334,330.6849
oILdWIfY0h0,The Bungalow | A Kehelmala Animated Short Film,"May 15, 2026",296,92,0:01:47,10955,10980,327.1371
xJtPcXLg1PA,Winners,"May 4, 2025",108,48,0:01:10,16381,34991,325.9686
aYpfa00zmzs,Kehelmala Showreel | 2024,"May 22, 2024",93,31,0:00:48,23943,23981,325.3016
J7M7G0DwXOE,Breakdown | A Kehelmala Short,"Jan 30, 2026",155,65,0:01:26,13566,13610,324.6994
BgDDrx7zTmE,You And I,"Feb 13, 2026",179,41,0:01:14,15499,21191,321.262
rKhtcG0JaUM,"Granny, No!","Apr 11, 2025",93,53,0:01:03,17526,32616,312.5947
fC36tKy3LdM,Graduation,"Oct 27, 2025",137,28,0:01:04,16151,28858,293.0052
zA_EGZgvpoA,Interrogation (Wrong Number 2),"Jul 28, 2025",90,63,0:00:59,15509,29149,262.0267
pF5apad_JIM,Last Round | A Kehelmala Short,"May 16, 2025",141,69,0:01:58,7976,7978,261.8461
yqSxcVZAsuo,The Artiste,"Dec 29, 2025",106,29,0:00:27,30754,47791,239.5662
Lf6ISBXIRLc,The Miracle,"Feb 10, 2025",51,23,0:00:41,19746,29534,227.5884
e19au2Y_sRI,Gratitude,"Jul 5, 2025",102,181,0:00:54,13719,30974,213.1678
JQmaV-i4W7M,Visitor | A Kehelmala Short,"Sep 26, 2025",107,53,0:01:01,11840,11863,202.3073
Nb0GO-6M9l4,Neighbours,"Apr 27, 2026",180,13,0:01:47,6691,10676,200.1045
B7PH4ox-JgA,Internship,"Aug 31, 2026",175,11,0:01:36,5360,8913,144.3637
NNQ1-mpjdKE,Visitor,"Sep 27, 2025",107,18,0:00:41,11283,26034,134.5862
PF1_Z3APOh0,Gratitude | A Kehelmala Short,"Jan 18, 2025",102,343,0:00:52,8253,8274,121.2565
95c_ZDWHCUk,Mansions,"Sep 14, 2026",180,12,0:01:25,3102,5399,74.5061
oXCsfQo52MY,Frames,"Aug 17, 2026",179,5,0:01:36,2711,4130,73.4076
BKRAHrJaBWw,"Dodol, pt. 2","Aug 10, 2026",131,17,0:01:24,2920,4349,69.0255
vft92uJp_LI,GROWTHesque - Trailer for United Solo New York City 2022,"Oct 4, 2022",89,52,0:00:43,4586,4598,55.1717
F8VE1oAR8P0,"Dodol, pt. 1","Aug 3, 2026",165,7,0:01:43,1903,3294,54.8659
US2fTK1mEGE,"Pinipa, pt 1","Jul 14, 2026",180,10,0:01:14,1959,3881,41.0955
7KarzpIG5JA,"Pinipa, pt. 2","Jul 20, 2026",179,2,0:00:50,2517,4001,36.0758
Ykfffxlt75Q,A Midsummer Night's Dream 4K,,1734,0,0:13:20,7,7,1.5575
FaqZkT8_7_c,Trick or Treat,"Nov 1, 2024",139,1,0:01:28,57,57,1.407
U9CqAfMJt0g,Alien Accent Teaser,,134,6,0:01:32,36,36,0.9257
6B4_0PX5uWU,The Cover-up #family #movie  #film #makeup,"Dec 6, 2024",120,0,0:01:08,46,46,0.8817
v7RCuKTxY9E,For a Better Life  -  Swiss Development Corporation Sri Lanka,,1047,0,0:01:14,9,9,0.1862
fZDB2J4Y364,TRAILER GYR MOVIE DRAFT 9,,61,1,0:00:20,11,11,0.0621
quFCMhtzHnM,Legacy of UNHCR in Sri Lanka,,365,0,0:01:11,3,3,0.0597
xNUksjLMy8U,Introduction to the Kehelmala Film Club,,87,0,0:01:26,1,1,0.0239
sbSUlqb47L4,GREASE YAKA TRAILER final 4k,,57,0,0:00:53,1,1,0.0149
Zzib8IAFhWk,LIFEBUOY TRAILER 3 13 10 23,,26,0,0:00:25,1,1,0.0072
NvaSv68-77E,1 November 2024,,139,0,0:00:05,2,2,0.0031
th-nDHo05Hw,Showreel - 5 November 2022,,93,0,0:00:04,2,2,0.0022
